name,cpu_perc_mean,cpu_perc_std,cpu_perc_min,cpu_perc_max,cpu_perc_median,cpu_perc_<lambda_0>,cpu_perc_<lambda_1>,mem_used_GB_mean,mem_used_GB_std,mem_used_GB_min,mem_used_GB_max,mem_used_GB_median,mem_used_GB_<lambda_0>,mem_used_GB_<lambda_1>,name_clean,framework,operation_type,category,run_number,dataset_name
ray-client,13.676206896551724,7.0276541037573015,6.42,47.57,11.78,9.9025,14.2575,1.7751724137931035,0.050591982559834,1.74,1.927,1.749,1.742,1.7847499999999998,ray_client,Ray,Ray,General,1,04_AMZN_Ray_Pipeline_Kmeans_5000
ray-head,6.880000000000001,1.8272508350073584,2.84,11.13,6.92,5.842499999999999,8.0575,1.5266896551724138,0.0011728941046668,1.525,1.529,1.527,1.526,1.527,ray_head,Ray,Ray,General,1,04_AMZN_Ray_Pipeline_Kmeans_5000
ray-worker-1,128.1608620689655,36.16085783820229,5.43,202.35,112.75,109.325,158.1275,4.309637931034483,0.3489171569235942,3.099,4.693,4.433,4.30675,4.48775,ray_worker_1,Ray,Ray,General,1,04_AMZN_Ray_Pipeline_Kmeans_5000
ray-worker-2,179.0210344827586,57.38822440767319,6.2,209.26,202.28,193.935,204.7225,4.815120689655172,0.8408852703015093,2.711,5.53,5.243,4.82925,5.30175,ray_worker_2,Ray,Ray,General,1,04_AMZN_Ray_Pipeline_Kmeans_5000
ray-worker-3,113.88672413793104,26.04473367570409,6.38,181.86,110.99,108.2675,114.0025,4.264741379310345,0.3428843373267857,3.062,4.548,4.367,4.3095,4.41625,ray_worker_3,Ray,Ray,General,1,04_AMZN_Ray_Pipeline_Kmeans_5000
ray-worker-4,191.03206896551723,31.054710056558484,68.6,208.16,201.985,198.0475,204.4275,5.076775862068965,0.529890920357496,3.009,5.732,5.255,5.063,5.35775,ray_worker_4,Ray,Ray,General,1,04_AMZN_Ray_Pipeline_Kmeans_5000
ray-worker-5,186.33344827586208,43.77805204131821,6.31,207.92,202.22,199.195,204.18,5.053896551724137,0.6412686080787047,2.849,5.654,5.318,4.964,5.40225,ray_worker_5,Ray,Ray,General,1,04_AMZN_Ray_Pipeline_Kmeans_5000
ray-client,14.763793103448275,8.327073963797135,8.33,50.89,12.12,10.7225,14.5825,1.7991379310344826,0.0581716903101414,1.748,2.109,1.775,1.764,1.8485,ray_client,Ray,Ray,General,2,04_AMZN_Ray_Pipeline_Kmeans_5000
ray-head,6.717068965517241,1.4487647595429862,4.22,9.79,6.404999999999999,5.6525,7.925,1.5321724137931034,0.0005662412552126,1.531,1.533,1.532,1.532,1.53275,ray_head,Ray,Ray,General,2,04_AMZN_Ray_Pipeline_Kmeans_5000
ray-worker-1,185.67793103448275,52.24251447290128,6.7,207.73,202.105,200.225,204.345,5.150448275862069,0.6650408554238906,3.098,5.757,5.44,5.15175,5.4965,ray_worker_1,Ray,Ray,General,2,04_AMZN_Ray_Pipeline_Kmeans_5000
ray-worker-2,119.72603448275862,32.20964723847283,5.75,192.8,113.25,111.3025,119.0075,4.146172413793104,0.2866635743161053,2.798,4.415,4.222,4.17525,4.26925,ray_worker_2,Ray,Ray,General,2,04_AMZN_Ray_Pipeline_Kmeans_5000
ray-worker-3,192.33758620689656,36.05467088071944,5.6,209.38,203.155,200.32,204.3775,5.342896551724137,0.4954815375198037,3.146,5.876,5.5295000000000005,5.264,5.61975,ray_worker_3,Ray,Ray,General,2,04_AMZN_Ray_Pipeline_Kmeans_5000
ray-worker-4,191.4863793103448,34.995768952194126,6.14,208.87,202.19,198.9125,204.745,5.003568965517241,0.5208403840781073,2.894,5.552,5.1845,4.98875,5.2805,ray_worker_4,Ray,Ray,General,2,04_AMZN_Ray_Pipeline_Kmeans_5000
ray-worker-5,127.47155172413794,39.4350088387376,8.75,203.89,112.31,109.5975,144.0,4.181137931034483,0.2898930503500531,2.905,4.414,4.278499999999999,4.2025,4.323,ray_worker_5,Ray,Ray,General,2,04_AMZN_Ray_Pipeline_Kmeans_5000
ray-client,15.122758620689655,7.634210121965984,7.74,45.66,12.415,10.575,15.38,1.7653275862068964,0.0563741846888677,1.689,1.839,1.763,1.725,1.81575,ray_client,Ray,Ray,General,3,04_AMZN_Ray_Pipeline_Kmeans_5000
ray-head,6.838448275862069,1.453561629088488,3.48,9.97,6.595,5.8875,7.92,1.5345689655172412,0.0005654394026668,1.533,1.535,1.535,1.534,1.535,ray_head,Ray,Ray,General,3,04_AMZN_Ray_Pipeline_Kmeans_5000
ray-worker-1,133.43241379310345,36.52058402092279,8.22,203.69,114.44,110.3875,155.54,4.271982758620689,0.2366839250968978,3.107,4.492,4.3335,4.238250000000001,4.3995,ray_worker_1,Ray,Ray,General,3,04_AMZN_Ray_Pipeline_Kmeans_5000
ray-worker-2,192.51637931034483,34.69387456417418,6.92,208.37,202.885,199.3575,204.5925,5.144637931034483,0.5079189981792707,3.247,5.681,5.334,5.0495,5.4365000000000006,ray_worker_2,Ray,Ray,General,3,04_AMZN_Ray_Pipeline_Kmeans_5000
ray-worker-3,124.81413793103448,32.996566330372566,8.02,195.87,111.74,108.99,136.925,4.303172413793104,0.2677960167628924,3.118,4.512,4.368,4.276,4.45775,ray_worker_3,Ray,Ray,General,3,04_AMZN_Ray_Pipeline_Kmeans_5000
ray-worker-4,186.83672413793104,50.22267717989104,10.56,206.52,202.655,201.06,204.8225,4.947620689655173,0.6807505101784997,2.93,5.566,5.176,4.96725,5.318,ray_worker_4,Ray,Ray,General,3,04_AMZN_Ray_Pipeline_Kmeans_5000
ray-worker-5,192.1353448275862,35.061430061382026,9.08,209.01,202.775,200.145,204.6175,5.187448275862069,0.4978148451831205,3.085,5.755,5.348,5.117,5.471500000000001,ray_worker_5,Ray,Ray,General,3,04_AMZN_Ray_Pipeline_Kmeans_5000
ray-client,13.961666666666668,6.027723568017149,8.3,48.42,12.255,10.6575,15.26,1.8708833333333328,0.0696249253212434,1.643,1.99,1.854,1.823,1.907,ray_client,Ray,Ray,General,4,04_AMZN_Ray_Pipeline_Kmeans_5000
ray-head,6.683833333333334,1.534362443278847,3.69,10.58,6.395,5.385,7.800000000000001,1.538433333333333,0.0006731324866864,1.536,1.539,1.5385,1.538,1.539,ray_head,Ray,Ray,General,4,04_AMZN_Ray_Pipeline_Kmeans_5000
ray-worker-1,130.26149999999998,35.27125986250187,7.3,198.04,113.64,111.115,153.5125,4.33045,0.2864284112055973,3.09,4.606,4.413,4.33225,4.457,ray_worker_1,Ray,Ray,General,4,04_AMZN_Ray_Pipeline_Kmeans_5000
ray-worker-2,190.26566666666668,40.12547858594851,7.31,207.52,201.775,199.4275,204.455,4.8318,0.6199726839253155,2.711,5.459,5.099,4.805000000000001,5.17375,ray_worker_2,Ray,Ray,General,4,04_AMZN_Ray_Pipeline_Kmeans_5000
ray-worker-3,123.29933333333334,31.68265262748882,5.05,198.43,112.125,109.7775,130.7725,4.3426,0.3067330976929931,3.127,4.598,4.4465,4.331,4.49225,ray_worker_3,Ray,Ray,General,4,04_AMZN_Ray_Pipeline_Kmeans_5000
ray-worker-4,182.53616666666667,54.14167748591376,6.17,207.19,201.985,197.485,203.8075,4.928333333333333,0.736940345921112,2.882,5.585,5.153499999999999,4.95,5.37575,ray_worker_4,Ray,Ray,General,4,04_AMZN_Ray_Pipeline_Kmeans_5000
ray-worker-5,190.40183333333331,37.98645416423796,7.55,207.6,201.735,198.6925,204.34750000000005,5.024633333333333,0.6158753166426769,2.825,5.528,5.298500000000001,4.97275,5.388,ray_worker_5,Ray,Ray,General,4,04_AMZN_Ray_Pipeline_Kmeans_5000
ray-client,14.317166666666669,7.302141337124654,8.91,52.42,12.63,11.22,14.565,1.90635,0.0899745397132443,1.721,2.063,1.9105,1.82275,1.95,ray_client,Ray,Ray,General,5,04_AMZN_Ray_Pipeline_Kmeans_5000
ray-head,6.813000000000001,1.6094217300275109,3.96,11.31,6.96,5.5225,7.7575,1.53925,0.0005712015287451,1.538,1.54,1.539,1.539,1.54,ray_head,Ray,Ray,General,5,04_AMZN_Ray_Pipeline_Kmeans_5000
ray-worker-1,184.89116666666663,55.18503629444498,6.1,212.57,203.0,201.12,204.5275,5.169583333333334,0.7562474774669605,2.976,5.878,5.4510000000000005,5.26475,5.50975,ray_worker_1,Ray,Ray,General,5,04_AMZN_Ray_Pipeline_Kmeans_5000
ray-worker-2,132.65533333333332,37.22516988233045,5.47,197.37,126.25,111.4425,152.81,4.015416666666667,0.3333929981912306,2.806,4.327,4.145,3.9695,4.19775,ray_worker_2,Ray,Ray,General,5,04_AMZN_Ray_Pipeline_Kmeans_5000
ray-worker-3,119.46633333333334,35.90646714643273,5.58,199.4,112.11,109.6675,125.985,4.316050000000001,0.3244586847899025,3.187,4.617,4.3965,4.2895,4.482,ray_worker_3,Ray,Ray,General,5,04_AMZN_Ray_Pipeline_Kmeans_5000
ray-worker-4,187.27966666666669,42.49018035976841,9.45,211.15,202.03500000000005,197.83,203.7575,5.08565,0.6189364257761389,2.963,5.606,5.3835,4.99175,5.4375,ray_worker_4,Ray,Ray,General,5,04_AMZN_Ray_Pipeline_Kmeans_5000
ray-worker-5,190.87,39.805551141705294,8.01,210.32,203.265,198.945,204.65750000000003,5.0086,0.6110308378026127,2.939,5.591,5.236000000000001,4.9385,5.3535,ray_worker_5,Ray,Ray,General,5,04_AMZN_Ray_Pipeline_Kmeans_5000
spark-master,2.706937172774869,13.005194471648098,0.26,155.56,0.6,0.45,0.96,0.9188811456969896,0.033773845362177,0.53466796875,0.97060546875,0.92822265625,0.8962890625,0.9336669921875,master,Spark,Spark,General,1,04_AMZN_Spark_Pipeline_Kmeans_Distribuido
spark-worker-1,147.48342931937174,83.99169518075888,0.06,209.27,197.58,99.14,200.1325,6.406256043439137,1.7210117888169905,0.29404296875,7.308,7.293,6.684,7.297,worker_1,Spark,Spark,General,1,04_AMZN_Spark_Pipeline_Kmeans_Distribuido
spark-worker-2,175.3078272251309,52.93551999762436,0.05,208.09,198.37,193.5725,200.3675,7.530651515461387,2.1371666780248906,0.279296875,8.753,8.71,7.386,8.713,worker_2,Spark,Spark,General,1,04_AMZN_Spark_Pipeline_Kmeans_Distribuido
spark-worker-3,143.2480104712042,73.69929380830192,0.05,209.61,188.115,107.6725,199.985,7.736875020451571,2.288819891770573,0.30556640625,9.27,8.984,7.836,8.988,worker_3,Spark,Spark,General,1,04_AMZN_Spark_Pipeline_Kmeans_Distribuido
spark-worker-4,174.23104712041882,56.696673766840114,0.06,207.0,198.62,194.93,200.185,6.866513763907068,1.9680917621320075,0.3087890625,8.688,7.8155,7.596,7.819,worker_4,Spark,Spark,General,1,04_AMZN_Spark_Pipeline_Kmeans_Distribuido
spark-worker-5,120.9107329842932,79.04611379124258,0.06,206.32,115.91,63.715,198.6475,5.826840549329188,1.4728042945418838,0.312890625,6.543,6.521,6.49625,6.525,worker_5,Spark,Spark,General,1,04_AMZN_Spark_Pipeline_Kmeans_Distribuido
spark-master,3.1628189910979225,14.524309017860537,0.25,159.01,0.56,0.44,0.83,0.8851808813983679,0.0381263689934512,0.38037109375,0.93525390625,0.88759765625,0.87109375,0.90341796875,master,Spark,Spark,General,2,04_AMZN_Spark_Pipeline_Kmeans_Distribuido
spark-worker-1,175.60157270029674,46.74719306783708,0.14,206.61,198.12,187.22,200.07,6.99910475009273,2.122723358914065,0.29580078125,8.235,8.202,6.829,8.208,worker_1,Spark,Spark,General,2,04_AMZN_Spark_Pipeline_Kmeans_Distribuido
spark-worker-2,148.28765578635014,77.08216204479614,0.14,208.81,197.64,100.53,200.07,6.139074925816024,1.764485945432124,0.2810546875,7.137,7.114,5.973,7.12,worker_2,Spark,Spark,General,2,04_AMZN_Spark_Pipeline_Kmeans_Distribuido
spark-worker-3,119.423293768546,80.19517159872998,0.12,207.6,113.98,8.42,198.61,6.122352536164688,1.7070006994736768,0.31259765625,7.296,7.031,6.495,7.037,worker_3,Spark,Spark,General,2,04_AMZN_Spark_Pipeline_Kmeans_Distribuido
spark-worker-4,126.41468842729972,66.1589255080658,0.12,208.41,114.7,100.18,198.3,6.417252944176559,1.796951389596415,0.3169921875,7.44,7.376,6.258,7.382,worker_4,Spark,Spark,General,2,04_AMZN_Spark_Pipeline_Kmeans_Distribuido
spark-worker-5,164.25127596439168,71.07055101294581,0.13,208.38,198.52,194.43,200.24,6.56192384551187,1.86007070721196,0.42099609375,7.643,7.607,6.652,7.612,worker_5,Spark,Spark,General,2,04_AMZN_Spark_Pipeline_Kmeans_Distribuido
spark-master,2.763766233766233,12.63149563085442,0.26,181.45,0.67,0.46,1.19,0.907091112012987,0.0358491299437265,0.526953125,0.95908203125,0.90830078125,0.88740234375,0.9341796875,master,Spark,Spark,General,3,04_AMZN_Spark_Pipeline_Kmeans_Distribuido
spark-worker-1,146.91046753246752,84.97961517690096,0.07,207.92,197.93,96.2,200.08,6.264974857954545,1.646750091923234,0.295703125,7.153,7.122,6.78,7.127,worker_1,Spark,Spark,General,3,04_AMZN_Spark_Pipeline_Kmeans_Distribuido
spark-worker-2,152.1071948051948,67.75792490877895,0.07,207.02,196.2,108.79,199.42,7.20465942573052,1.9467429143421695,0.28095703125,8.288,8.259,7.219,8.276,worker_2,Spark,Spark,General,3,04_AMZN_Spark_Pipeline_Kmeans_Distribuido
spark-worker-3,156.01433766233765,48.20101885204573,0.08,206.41,194.07,101.53,199.09,6.71530419034091,1.7811973394631555,0.3125,7.711,7.669,6.777,7.674,worker_3,Spark,Spark,General,3,04_AMZN_Spark_Pipeline_Kmeans_Distribuido
spark-worker-4,125.48296103896104,75.23227699349583,0.07,207.53,116.02,99.46,198.7,6.642942126623377,1.6300302742075183,0.31689453125,7.474,7.445,7.115,7.45,worker_4,Spark,Spark,General,3,04_AMZN_Spark_Pipeline_Kmeans_Distribuido
spark-worker-5,135.9318181818182,85.52573548669294,0.07,209.02,196.4,13.17,199.78,7.16554650974026,1.8537152383259088,0.31376953125,8.081,8.064,7.71,8.069,worker_5,Spark,Spark,General,3,04_AMZN_Spark_Pipeline_Kmeans_Distribuido
spark-master,3.068066157760814,14.328882289951496,0.26,161.88,0.62,0.44,0.99,0.8839133070928753,0.0375060244890557,0.37568359375,0.9353515625,0.89169921875,0.86708984375,0.90244140625,master,Spark,Spark,General,4,04_AMZN_Spark_Pipeline_Kmeans_Distribuido
spark-worker-1,166.90727735368955,65.78254166746333,0.13,208.23,198.81,194.38,200.51,6.115783705073155,1.5427966026287796,0.30458984375,6.973,6.956,5.461,6.961,worker_1,Spark,Spark,General,4,04_AMZN_Spark_Pipeline_Kmeans_Distribuido
spark-worker-2,159.07562340966922,67.1528602098825,0.14,207.53,198.12,113.16,200.52,7.214008726940204,1.9470024267577652,0.29443359375,8.35,8.262,7.222,8.266,worker_2,Spark,Spark,General,4,04_AMZN_Spark_Pipeline_Kmeans_Distribuido
spark-worker-3,185.08910941475827,46.99489246532313,0.12,212.12,199.58,197.18,201.83,8.240671457538168,2.516774567967564,0.2546875,9.593,9.498,9.082,9.503,worker_3,Spark,Spark,General,4,04_AMZN_Spark_Pipeline_Kmeans_Distribuido
spark-worker-4,110.14010178117049,84.36315258918158,0.1,205.95,113.93,0.32,199.12,6.138176546596692,1.5208321189141822,0.2833984375,6.889,6.868,6.541,6.873,worker_4,Spark,Spark,General,4,04_AMZN_Spark_Pipeline_Kmeans_Distribuido
spark-worker-5,118.8476844783715,73.01482545138425,0.11,207.03,114.12,99.65,198.13,8.132373300333969,2.517229154283658,0.26552734375,9.491,9.46,8.267,9.465,worker_5,Spark,Spark,General,4,04_AMZN_Spark_Pipeline_Kmeans_Distribuido
spark-master,2.981152941176471,14.035081192929376,0.23,179.18,0.55,0.39,0.86,0.8917097886029411,0.0311211701587941,0.51025390625,0.9291015625,0.891796875,0.873828125,0.91416015625,master,Spark,Spark,General,5,04_AMZN_Spark_Pipeline_Kmeans_Distribuido
spark-worker-1,141.23971764705882,73.9431488139629,0.06,205.86,195.94,100.1,199.61,6.755605900735294,1.921215936586584,0.30458984375,7.774,7.75,7.329,7.763,worker_1,Spark,Spark,General,5,04_AMZN_Spark_Pipeline_Kmeans_Distribuido
spark-worker-2,133.33315294117645,92.1808267878937,0.09,207.83,196.98,0.27,199.57,6.678280073529412,1.7750155442920263,0.29443359375,7.61,7.594,6.596,7.597,worker_2,Spark,Spark,General,5,04_AMZN_Spark_Pipeline_Kmeans_Distribuido
spark-worker-3,140.59275294117646,68.31189496407406,0.07,207.72,188.95,100.48,199.01,6.757418575367647,1.8146505102866968,0.2546875,7.721,7.693,6.359,7.697,worker_3,Spark,Spark,General,5,04_AMZN_Spark_Pipeline_Kmeans_Distribuido
spark-worker-4,129.4795294117647,88.67947729952884,0.06,208.06,196.05,0.31,199.26,6.532714880514705,1.699981675930127,0.23037109375,7.374,7.346,6.974,7.349,worker_4,Spark,Spark,General,5,04_AMZN_Spark_Pipeline_Kmeans_Distribuido
spark-worker-5,145.64051764705883,52.951057815571644,0.06,208.66,119.69,107.41,199.0,5.684447794117648,1.3727283372994878,0.26552734375,6.889,6.222,5.759,6.228,worker_5,Spark,Spark,General,5,04_AMZN_Spark_Pipeline_Kmeans_Distribuido
spark-master,8.935474452554745,30.22831471011295,0.07,174.42,0.16,0.1,0.8574999999999999,0.5487561302463503,0.2869870767306382,0.30380859375,0.984375,0.33486328125,0.32958984375,0.95439453125,master,Spark,Spark,General,1,04_AMZN_Spark_Pipeline_Kmeans_Distribuido_5000
spark-worker-1,58.95956204379562,87.35657016765163,0.05,207.13,0.12,0.08,178.5075,1.452793367928832,1.7596437796773778,0.3115234375,4.97,0.3177734375,0.31689453125,2.1397500000000003,worker_1,Spark,Spark,General,1,04_AMZN_Spark_Pipeline_Kmeans_Distribuido_5000
spark-worker-2,58.95992700729927,85.13168770367882,0.05,210.41,0.11,0.08,166.61249999999998,1.346543082801095,1.6594903826260876,0.282421875,4.703,0.296875,0.28828125,1.8595,worker_2,Spark,Spark,General,1,04_AMZN_Spark_Pipeline_Kmeans_Distribuido_5000
spark-worker-3,51.30474452554745,77.98421472732666,0.05,205.59,0.12,0.08,101.52,1.2557381386861313,1.5448053523006764,0.26337890625,5.028,0.28154296875,0.28046875,1.67,worker_3,Spark,Spark,General,1,04_AMZN_Spark_Pipeline_Kmeans_Distribuido_5000
spark-worker-4,49.90978102189781,75.63963812950276,0.06,210.22,0.14,0.09,100.84,1.5441219776459854,1.9947263514938471,0.2685546875,5.154,0.28369140625,0.2828125,2.1065,worker_4,Spark,Spark,General,1,04_AMZN_Spark_Pipeline_Kmeans_Distribuido_5000
spark-worker-5,58.14463503649635,84.0902051896692,0.05,204.88,0.12,0.08,158.02,1.5012713418111314,1.981156642106905,0.25966796875,6.261,0.27880859375,0.27431640625,2.0585,worker_5,Spark,Spark,General,1,04_AMZN_Spark_Pipeline_Kmeans_Distribuido_5000
spark-master,7.452222222222223,28.26402488803409,0.24,147.72,0.6799999999999999,0.42,1.1675,0.9358648003472224,0.0595191339682217,0.60126953125,0.9775390625,0.952099609375,0.9510009765625,0.9583740234375,master,Spark,Spark,General,2,04_AMZN_Spark_Pipeline_Kmeans_Distribuido_5000
spark-worker-1,120.947,74.11950317948059,0.14,206.33,111.365,97.51,197.17,3.630241796875,1.0785955889386498,0.371875,4.629,4.093,3.2605,4.099,worker_1,Spark,Spark,General,2,04_AMZN_Spark_Pipeline_Kmeans_Distribuido_5000
spark-worker-2,130.63688888888888,71.62521776180313,0.12,208.23,120.47,99.415,198.03,4.0916867621527775,1.0911943101982484,0.29912109375,4.655,4.568,4.36625,4.573,worker_2,Spark,Spark,General,2,04_AMZN_Spark_Pipeline_Kmeans_Distribuido_5000
spark-worker-3,163.12555555555554,61.3391618973732,0.13,205.71,196.385,157.91,199.4375,4.245785763888889,1.617779431637398,0.3390625,6.404,4.2675,3.18925,5.066,worker_3,Spark,Spark,General,2,04_AMZN_Spark_Pipeline_Kmeans_Distribuido_5000
spark-worker-4,137.5307777777778,82.46646004268969,0.14,206.68,194.05,61.7825,198.92,4.528167013888889,1.1736629012158335,0.337890625,5.271,5.232,4.059,5.24275,worker_4,Spark,Spark,General,2,04_AMZN_Spark_Pipeline_Kmeans_Distribuido_5000
spark-worker-5,156.21166666666664,75.29229260956592,0.14,204.3,196.73,166.16500000000002,199.14,4.010833420138889,1.4662285571223093,0.333984375,4.983,4.955,3.22075,4.969,worker_5,Spark,Spark,General,2,04_AMZN_Spark_Pipeline_Kmeans_Distribuido_5000
spark-master,8.103333333333333,27.95347311910077,0.29,157.71,0.66,0.51,1.26,0.9869087281586022,0.0747460689418733,0.57958984375,1.031,1.01,1.008,1.017,master,Spark,Spark,General,3,04_AMZN_Spark_Pipeline_Kmeans_Distribuido_5000
spark-worker-1,157.3551612903226,71.24523930110368,0.15,208.27,197.04,114.17,200.21,4.213989583333333,1.4163572022818152,0.36416015625,5.175,5.149,3.772,5.158,worker_1,Spark,Spark,General,3,04_AMZN_Spark_Pipeline_Kmeans_Distribuido_5000
spark-worker-2,129.06290322580645,75.89656138141663,0.14,206.83,136.05,99.29,198.73,3.75935248655914,1.3289150189155277,0.35078125,4.597,4.576,2.68,4.578,worker_2,Spark,Spark,General,3,04_AMZN_Spark_Pipeline_Kmeans_Distribuido_5000
spark-worker-3,173.2121505376344,44.65101293581685,0.23,205.78,196.65,165.75,199.55,4.612465011760753,1.770209532060712,0.3330078125,6.727,5.297,3.255,5.304,worker_3,Spark,Spark,General,3,04_AMZN_Spark_Pipeline_Kmeans_Distribuido_5000
spark-worker-4,132.07172043010752,65.26047792972898,0.16,205.81,121.07,100.93,198.21,3.866884408602151,0.9755439132629994,0.33505859375,4.42,4.398,3.461,4.401,worker_4,Spark,Spark,General,3,04_AMZN_Spark_Pipeline_Kmeans_Distribuido_5000
spark-worker-5,148.98881720430106,75.19597872934462,0.12,206.87,196.57,101.2,200.06,3.7777584845430106,1.3068785103651206,0.33134765625,4.696,4.522,3.916,4.529,worker_5,Spark,Spark,General,3,04_AMZN_Spark_Pipeline_Kmeans_Distribuido_5000
spark-master,8.385111111111112,31.077180191246462,0.27,200.24,0.805,0.4525,1.7325,0.9662728298611112,0.0648344203659769,0.60244140625,1.005,0.986328125,0.9853515625,0.98828125,master,Spark,Spark,General,4,04_AMZN_Spark_Pipeline_Kmeans_Distribuido_5000
spark-worker-1,128.79544444444446,72.07063830701114,0.15,205.53,132.55,99.425,197.8775,3.8020465277777777,1.139647255992957,0.34365234375,4.513,4.446,3.42125,4.447,worker_1,Spark,Spark,General,4,04_AMZN_Spark_Pipeline_Kmeans_Distribuido_5000
spark-worker-2,146.62977777777778,73.64519423328264,0.14,204.92,194.85,106.1775,198.0975,3.733331770833333,1.1838902825438924,0.33037109375,4.717,4.306,3.029,4.306,worker_2,Spark,Spark,General,4,04_AMZN_Spark_Pipeline_Kmeans_Distribuido_5000
spark-worker-3,162.32277777777776,70.7777023230469,0.11,211.5,196.905,180.3625,199.3075,3.9489504340277777,1.3634222382307366,0.31083984375,5.549,4.744,3.527,4.75,worker_3,Spark,Spark,General,4,04_AMZN_Spark_Pipeline_Kmeans_Distribuido_5000
spark-worker-4,124.08033333333331,73.27615182124629,0.13,205.67,120.14,98.935,197.6325,3.426469184027778,1.1182641797745887,0.31328125,5.082,3.613,3.344,3.614,worker_4,Spark,Spark,General,4,04_AMZN_Spark_Pipeline_Kmeans_Distribuido_5000
spark-worker-5,173.1052222222222,45.5246459050647,10.02,207.83,196.97,172.42000000000002,198.985,5.028780164930556,1.348983757938577,0.31162109375,6.275,5.24,4.9435,6.26575,worker_5,Spark,Spark,General,4,04_AMZN_Spark_Pipeline_Kmeans_Distribuido_5000
spark-master,7.383684210526315,25.68378149780277,0.29,175.2,0.72,0.545,1.245,0.939866365131579,0.0900840916223225,0.34150390625,0.9853515625,0.96494140625,0.9646484375,0.965234375,master,Spark,Spark,General,5,04_AMZN_Spark_Pipeline_Kmeans_Distribuido_5000
spark-worker-1,154.41873684210526,72.82860209762259,0.08,208.71,196.38,132.39499999999998,199.54,3.5426025904605263,1.271073398734479,0.3220703125,4.888,3.742,3.2085,4.561,worker_1,Spark,Spark,General,5,04_AMZN_Spark_Pipeline_Kmeans_Distribuido_5000
spark-worker-2,155.43273684210527,74.9672705385789,0.06,205.56,197.32,142.895,200.11,4.372455921052631,1.315736625915908,0.30888671875,5.294,5.275,3.601,5.2845,worker_2,Spark,Spark,General,5,04_AMZN_Spark_Pipeline_Kmeans_Distribuido_5000
spark-worker-3,150.85284210526316,66.85210343232193,0.06,204.04,195.36,100.94,198.97,4.094882483552632,1.693128974231362,0.289453125,5.782,4.586,2.7485,5.657,worker_3,Spark,Spark,General,5,04_AMZN_Spark_Pipeline_Kmeans_Distribuido_5000
spark-worker-4,153.73747368421053,50.53547679429203,0.06,204.62,173.98,109.75,199.365,3.574029523026316,1.2296903922036668,0.29306640625,4.589,4.126,3.8655,4.134,worker_4,Spark,Spark,General,5,04_AMZN_Spark_Pipeline_Kmeans_Distribuido_5000
spark-worker-5,128.16452631578946,75.5100879940487,0.06,206.4,149.21,98.845,198.755,4.161454564144737,1.264481838653524,0.28974609375,4.976,4.955,3.046,4.957,worker_5,Spark,Spark,General,5,04_AMZN_Spark_Pipeline_Kmeans_Distribuido_5000
spark-master,28.785,57.29000058183511,0.13,114.72,0.145,0.1375,28.7925,0.5528076171875,0.1655761718749999,0.47001953125,0.801171875,0.47001953125,0.47001953125,0.5528076171875,master,Spark,Spark,General,1,05_AMZN_Spark_Pipeline_XGboost_Distribuido
spark-worker-1,43.4775,86.79500038404669,0.07,173.67,0.0849999999999999,0.0775,43.485,0.1630126953124999,0.0660644531249999,0.12998046875,0.262109375,0.12998046875,0.12998046875,0.1630126953124999,worker_1,Spark,Spark,General,1,05_AMZN_Spark_Pipeline_XGboost_Distribuido
spark-worker-2,46.892500000000005,93.6250024922118,0.06,187.33,0.09,0.0675,46.915,0.169921875,0.0712890625,0.13427734375,0.27685546875,0.13427734375,0.13427734375,0.169921875,worker_2,Spark,Spark,General,1,05_AMZN_Spark_Pipeline_XGboost_Distribuido
spark-worker-3,46.5025,92.8716671452243,0.06,185.81,0.07,0.06,46.5125,0.16875,0.0606771531875492,0.13828125,0.259765625,0.1384765625,0.138427734375,0.168798828125,worker_3,Spark,Spark,General,1,05_AMZN_Spark_Pipeline_XGboost_Distribuido
spark-worker-4,46.3125,92.47833381392638,0.06,185.03,0.08,0.075,46.3175,0.168701171875,0.06474609375,0.136328125,0.2658203125,0.136328125,0.136328125,0.168701171875,worker_4,Spark,Spark,General,1,05_AMZN_Spark_Pipeline_XGboost_Distribuido
spark-worker-5,44.6725,89.19166753869632,0.06,178.46,0.0849999999999999,0.075,44.682500000000005,0.1612792968749999,0.0616862150945446,0.13037109375,0.25380859375,0.13046875,0.1304443359375,0.1613037109374999,worker_5,Spark,Spark,General,1,05_AMZN_Spark_Pipeline_XGboost_Distribuido
spark-master,130.86,,130.86,130.86,130.86,130.86,130.86,0.82890625,,0.82890625,0.82890625,0.82890625,0.82890625,0.82890625,master,Spark,Spark,General,2,05_AMZN_Spark_Pipeline_XGboost_Distribuido
spark-worker-1,145.0,,145.0,145.0,145.0,145.0,145.0,0.2314453125,,0.2314453125,0.2314453125,0.2314453125,0.2314453125,0.2314453125,worker_1,Spark,Spark,General,2,05_AMZN_Spark_Pipeline_XGboost_Distribuido
spark-worker-2,100.12,,100.12,100.12,100.12,100.12,100.12,0.1849609375,,0.1849609375,0.1849609375,0.1849609375,0.1849609375,0.1849609375,worker_2,Spark,Spark,General,2,05_AMZN_Spark_Pipeline_XGboost_Distribuido
spark-worker-3,61.57,,61.57,61.57,61.57,61.57,61.57,0.14990234375,,0.14990234375,0.14990234375,0.14990234375,0.14990234375,0.14990234375,worker_3,Spark,Spark,General,2,05_AMZN_Spark_Pipeline_XGboost_Distribuido
spark-worker-4,172.38,,172.38,172.38,172.38,172.38,172.38,0.23388671875,,0.23388671875,0.23388671875,0.23388671875,0.23388671875,0.23388671875,worker_4,Spark,Spark,General,2,05_AMZN_Spark_Pipeline_XGboost_Distribuido
spark-worker-5,154.17,,154.17,154.17,154.17,154.17,154.17,0.22841796875,,0.22841796875,0.22841796875,0.22841796875,0.22841796875,0.22841796875,worker_5,Spark,Spark,General,2,05_AMZN_Spark_Pipeline_XGboost_Distribuido
spark-master,115.41,,115.41,115.41,115.41,115.41,115.41,0.8333984375,,0.8333984375,0.8333984375,0.8333984375,0.8333984375,0.8333984375,master,Spark,Spark,General,3,05_AMZN_Spark_Pipeline_XGboost_Distribuido
spark-worker-1,166.87,,166.87,166.87,166.87,166.87,166.87,0.21923828125,,0.21923828125,0.21923828125,0.21923828125,0.21923828125,0.21923828125,worker_1,Spark,Spark,General,3,05_AMZN_Spark_Pipeline_XGboost_Distribuido
spark-worker-2,173.93,,173.93,173.93,173.93,173.93,173.93,0.25068359375,,0.25068359375,0.25068359375,0.25068359375,0.25068359375,0.25068359375,worker_2,Spark,Spark,General,3,05_AMZN_Spark_Pipeline_XGboost_Distribuido
spark-worker-3,173.39,,173.39,173.39,173.39,173.39,173.39,0.2376953125,,0.2376953125,0.2376953125,0.2376953125,0.2376953125,0.2376953125,worker_3,Spark,Spark,General,3,05_AMZN_Spark_Pipeline_XGboost_Distribuido
spark-worker-4,168.08,,168.08,168.08,168.08,168.08,168.08,0.24775390625,,0.24775390625,0.24775390625,0.24775390625,0.24775390625,0.24775390625,worker_4,Spark,Spark,General,3,05_AMZN_Spark_Pipeline_XGboost_Distribuido
spark-worker-5,170.65,,170.65,170.65,170.65,170.65,170.65,0.233984375,,0.233984375,0.233984375,0.233984375,0.233984375,0.233984375,worker_5,Spark,Spark,General,3,05_AMZN_Spark_Pipeline_XGboost_Distribuido
spark-master,154.1,,154.1,154.1,154.1,154.1,154.1,0.75517578125,,0.75517578125,0.75517578125,0.75517578125,0.75517578125,0.75517578125,master,Spark,Spark,General,4,05_AMZN_Spark_Pipeline_XGboost_Distribuido
spark-worker-1,143.52,,143.52,143.52,143.52,143.52,143.52,0.19365234375,,0.19365234375,0.19365234375,0.19365234375,0.19365234375,0.19365234375,worker_1,Spark,Spark,General,4,05_AMZN_Spark_Pipeline_XGboost_Distribuido
spark-worker-2,137.66,,137.66,137.66,137.66,137.66,137.66,0.22001953125,,0.22001953125,0.22001953125,0.22001953125,0.22001953125,0.22001953125,worker_2,Spark,Spark,General,4,05_AMZN_Spark_Pipeline_XGboost_Distribuido
spark-worker-3,141.26,,141.26,141.26,141.26,141.26,141.26,0.21083984375,,0.21083984375,0.21083984375,0.21083984375,0.21083984375,0.21083984375,worker_3,Spark,Spark,General,4,05_AMZN_Spark_Pipeline_XGboost_Distribuido
spark-worker-4,140.75,,140.75,140.75,140.75,140.75,140.75,0.20703125,,0.20703125,0.20703125,0.20703125,0.20703125,0.20703125,worker_4,Spark,Spark,General,4,05_AMZN_Spark_Pipeline_XGboost_Distribuido
spark-worker-5,0.06,,0.06,0.06,0.06,0.06,0.06,0.12900390625,,0.12900390625,0.12900390625,0.12900390625,0.12900390625,0.12900390625,worker_5,Spark,Spark,General,4,05_AMZN_Spark_Pipeline_XGboost_Distribuido
spark-master,157.04,,157.04,157.04,157.04,157.04,157.04,0.795703125,,0.795703125,0.795703125,0.795703125,0.795703125,0.795703125,master,Spark,Spark,General,5,05_AMZN_Spark_Pipeline_XGboost_Distribuido
spark-worker-1,60.53,,60.53,60.53,60.53,60.53,60.53,0.15537109375,,0.15537109375,0.15537109375,0.15537109375,0.15537109375,0.15537109375,worker_1,Spark,Spark,General,5,05_AMZN_Spark_Pipeline_XGboost_Distribuido
spark-worker-2,60.23,,60.23,60.23,60.23,60.23,60.23,0.1861328125,,0.1861328125,0.1861328125,0.1861328125,0.1861328125,0.1861328125,worker_2,Spark,Spark,General,5,05_AMZN_Spark_Pipeline_XGboost_Distribuido
spark-worker-3,60.97,,60.97,60.97,60.97,60.97,60.97,0.17626953125,,0.17626953125,0.17626953125,0.17626953125,0.17626953125,0.17626953125,worker_3,Spark,Spark,General,5,05_AMZN_Spark_Pipeline_XGboost_Distribuido
spark-worker-4,59.0,,59.0,59.0,59.0,59.0,59.0,0.1740234375,,0.1740234375,0.1740234375,0.1740234375,0.1740234375,0.1740234375,worker_4,Spark,Spark,General,5,05_AMZN_Spark_Pipeline_XGboost_Distribuido
spark-worker-5,50.09,,50.09,50.09,50.09,50.09,50.09,0.14208984375,,0.14208984375,0.14208984375,0.14208984375,0.14208984375,0.14208984375,worker_5,Spark,Spark,General,5,05_AMZN_Spark_Pipeline_XGboost_Distribuido
spark-master,8.245454545454546,27.30516265904656,0.3,167.73,0.855,0.4975,1.7575,1.0238138316761365,0.0219032009894257,0.914453125,1.067,1.028,1.004,1.038,master,Spark,Spark,General,1,06_AMZN_Spark_Pipeline_XGBoost_Rapido
spark-worker-1,157.24284090909092,72.75671635385345,0.1,204.62,196.755,135.2625,199.1075,7.833051047585227,2.261317892618469,0.51396484375,9.658,9.5765,6.155749999999999,9.632,worker_1,Spark,Spark,General,1,06_AMZN_Spark_Pipeline_XGBoost_Rapido
spark-worker-2,108.71204545454545,79.59301630195887,0.12,204.01,100.73,0.4325,195.715,6.987816361860795,1.884220345287699,0.39404296875,8.501,8.475,5.68,8.484,worker_2,Spark,Spark,General,1,06_AMZN_Spark_Pipeline_XGBoost_Rapido
spark-worker-3,162.42068181818183,60.2784123648834,0.12,207.83,196.65,116.455,199.62,7.919188565340909,2.417546149889229,0.42119140625,9.906,9.736,6.2865,9.8145,worker_3,Spark,Spark,General,1,06_AMZN_Spark_Pipeline_XGBoost_Rapido
spark-worker-4,135.96,85.53588254235089,0.13,208.24,196.14,17.8825,198.415,7.7381371626420465,2.1696675912816303,0.4673828125,9.526,9.3605,6.216,9.50625,worker_4,Spark,Spark,General,1,06_AMZN_Spark_Pipeline_XGBoost_Rapido
spark-worker-5,140.3753409090909,78.80134011855473,0.12,206.72,194.83,99.085,198.8025,7.5762529296875,2.333369074501741,0.4634765625,9.653,9.258,5.707,9.637,worker_5,Spark,Spark,General,1,06_AMZN_Spark_Pipeline_XGBoost_Rapido
spark-master,5.179325842696629,18.3634356187007,0.31,123.36,1.09,0.61,1.92,1.0519667310393257,0.0248382270208643,0.906640625,1.08,1.062,1.036,1.067,master,Spark,Spark,General,2,06_AMZN_Spark_Pipeline_XGBoost_Rapido
spark-worker-1,175.79011235955056,46.082580037816655,0.18,206.21,198.04,193.25,199.41,8.051511148174157,2.395588331389601,0.44228515625,9.915,9.742,7.118,9.828,worker_1,Spark,Spark,General,2,06_AMZN_Spark_Pipeline_XGBoost_Rapido
spark-worker-2,123.20640449438204,81.56470199740468,0.13,211.55,119.73,49.85,197.91,7.500527738764045,2.438930656711601,0.4556640625,9.662,9.28,5.673,9.476,worker_2,Spark,Spark,General,2,06_AMZN_Spark_Pipeline_XGBoost_Rapido
spark-worker-3,113.88629213483144,79.3738890599711,0.11,202.44,108.54,2.35,196.88,7.476133075842697,2.2466231876852705,0.4505859375,9.675,8.724,5.976,9.644,worker_3,Spark,Spark,General,2,06_AMZN_Spark_Pipeline_XGBoost_Rapido
spark-worker-4,151.80483146067414,78.89689405270943,0.14,205.96,197.46,107.67,199.59,7.92217652738764,2.323776854978824,0.50498046875,9.768,9.598,6.69,9.622,worker_4,Spark,Spark,General,2,06_AMZN_Spark_Pipeline_XGBoost_Rapido
spark-worker-5,142.9732584269663,81.71907507618683,0.16,209.44,195.69,99.76,199.07,7.701065440660113,2.4197300045242027,0.469921875,9.712,9.567,6.002,9.687,worker_5,Spark,Spark,General,2,06_AMZN_Spark_Pipeline_XGBoost_Rapido
spark-master,3.701720430107527,18.012463657366464,0.31,166.21,0.76,0.49,1.37,1.0621463373655915,0.0160393977503376,0.974609375,1.089,1.063,1.05,1.071,master,Spark,Spark,General,3,06_AMZN_Spark_Pipeline_XGBoost_Rapido
spark-worker-1,114.05150537634408,83.73033536749203,0.12,208.9,113.83,0.26,197.55,7.576241347446237,2.18244414396382,0.39345703125,9.641,8.883,5.854,9.418,worker_1,Spark,Spark,General,3,06_AMZN_Spark_Pipeline_XGBoost_Rapido
spark-worker-2,152.355376344086,73.9070417242695,0.14,207.82,197.8,103.94,199.84,7.753982274865591,1.964582798530028,0.46142578125,9.18,9.074,6.864,9.168,worker_2,Spark,Spark,General,3,06_AMZN_Spark_Pipeline_XGBoost_Rapido
spark-worker-3,128.43666666666667,82.88952586757104,0.11,206.89,189.82,36.81,198.92,8.066664650537634,2.1617874632474554,0.4576171875,9.662,9.632,6.556,9.643,worker_3,Spark,Spark,General,3,06_AMZN_Spark_Pipeline_XGBoost_Rapido
spark-worker-4,155.78236559139785,65.7056487115379,0.13,204.28,195.88,107.2,199.12,7.754883988575268,2.378314676530407,0.457421875,9.866,9.379,5.74,9.842,worker_4,Spark,Spark,General,3,06_AMZN_Spark_Pipeline_XGBoost_Rapido
spark-worker-5,146.5337634408602,80.61325561126893,0.14,205.48,197.37,99.71,199.3,8.09897244623656,2.2176968024200527,0.49033203125,9.746,9.709,6.607,9.728,worker_5,Spark,Spark,General,3,06_AMZN_Spark_Pipeline_XGBoost_Rapido
spark-master,5.452526315789473,21.897245040377623,0.35,150.47,0.81,0.535,1.6549999999999998,1.0168882401315789,0.0220476937049731,0.866015625,1.044,1.023,1.002,1.0285,master,Spark,Spark,General,4,06_AMZN_Spark_Pipeline_XGBoost_Rapido
spark-worker-1,153.59357894736843,77.73108098363652,0.12,207.82,197.48,113.91,199.835,7.809337541118421,2.3917821087240645,0.11650390625,9.649,9.545,6.31,9.629,worker_1,Spark,Spark,General,4,06_AMZN_Spark_Pipeline_XGBoost_Rapido
spark-worker-2,127.624,82.36901876260815,0.13,204.22,188.33,63.0,198.74,7.72226870888158,2.512136454100698,0.14599609375,9.75,9.548,5.827,9.6945,worker_2,Spark,Spark,General,4,06_AMZN_Spark_Pipeline_XGBoost_Rapido
spark-worker-3,135.12326315789474,80.93085797939546,0.13,207.27,195.68,98.93,198.33,7.998880263157895,2.3568924433941585,0.1359375,9.741,9.711,6.5185,9.719,worker_3,Spark,Spark,General,4,06_AMZN_Spark_Pipeline_XGBoost_Rapido
spark-worker-4,138.74578947368423,80.60255476890516,0.15,207.51,195.77,99.365,199.415,7.689907072368421,2.322608385496072,0.13564453125,9.525,9.287,6.347,9.51,worker_4,Spark,Spark,General,4,06_AMZN_Spark_Pipeline_XGBoost_Rapido
spark-worker-5,141.03252631578948,69.27684252743559,0.13,205.68,192.09,100.165,198.255,7.900375493421053,2.478850976271536,0.1125,9.918,9.759,6.096,9.8185,worker_5,Spark,Spark,General,4,06_AMZN_Spark_Pipeline_XGBoost_Rapido
spark-master,4.031808510638298,16.295084750215356,0.33,131.65,0.82,0.5025,1.6725,1.0525550199468086,0.0209271163013894,0.9216796875,1.079,1.055,1.039,1.0645,master,Spark,Spark,General,5,06_AMZN_Spark_Pipeline_XGBoost_Rapido
spark-worker-1,122.63063829787237,81.38518602893612,0.11,206.05,145.215,23.870000000000005,197.4625,7.435271650598405,2.307703103096328,0.43935546875,9.334,9.246,5.661,9.3115,worker_1,Spark,Spark,General,5,06_AMZN_Spark_Pipeline_XGBoost_Rapido
spark-worker-2,157.4281914893617,64.24595516262978,0.15,205.97,196.63,101.3475,199.4375,7.7321529670877664,2.5276694840925638,0.4677734375,9.897,9.591,5.702,9.86125,worker_2,Spark,Spark,General,5,06_AMZN_Spark_Pipeline_XGBoost_Rapido
spark-worker-3,142.85255319148936,84.65287497021555,0.13,205.58,196.84,92.6125,199.235,7.963317486702127,2.243097388609629,0.49697265625,9.776,9.4905,6.5385,9.76,worker_3,Spark,Spark,General,5,06_AMZN_Spark_Pipeline_XGBoost_Rapido
spark-worker-4,132.75063829787234,82.57948112463532,0.13,204.58,191.28,98.8325,199.165,8.058207114361702,2.225969723824749,0.47001953125,9.748,9.667,6.675,9.73,worker_4,Spark,Spark,General,5,06_AMZN_Spark_Pipeline_XGBoost_Rapido
spark-worker-5,151.19021276595743,78.20068731621505,0.14,206.55,196.83,117.175,199.65,7.693559715757979,2.279417576677979,0.44814453125,9.817,9.108,6.266,9.711,worker_5,Spark,Spark,General,5,06_AMZN_Spark_Pipeline_XGBoost_Rapido
dask-notebook,0.005,0.0070710678118654,0.0,0.01,0.005,0.0025,0.0075,0.0913671875,0.0,0.0913671875,0.0913671875,0.0913671875,0.0913671875,0.0913671875,dask_notebook,Dask,DASK,General,1,07_AMZN_DASK_Read_Filter
dask-scheduler,5.02,0.1131370849898467,4.94,5.1,5.02,4.98,5.06,0.25712890625,0.0002762135864009,0.25693359375,0.25732421875,0.25712890625,0.25703125,0.2572265625,dask_scheduler,Dask,DASK,General,1,07_AMZN_DASK_Read_Filter
dask-worker-1,110.285,0.2757716446627489,110.09,110.48,110.285,110.1875,110.3825,3.4595,1.1745043635508554,2.629,4.29,3.4595,3.04425,3.87475,dask_worker_1,Dask,DASK,General,1,07_AMZN_DASK_Read_Filter
dask-worker-2,109.745,1.3788582233137747,108.77,110.72,109.745,109.2575,110.2325,3.5255,0.5946768029778866,3.105,3.946,3.5255,3.31525,3.73575,dask_worker_2,Dask,DASK,General,1,07_AMZN_DASK_Read_Filter
dask-worker-3,153.0,63.1870619668299,108.32,197.68,153.0,130.66,175.34,5.2705,0.8336788950189397,4.681,5.86,5.2705,4.97575,5.565250000000001,dask_worker_3,Dask,DASK,General,1,07_AMZN_DASK_Read_Filter
dask-worker-4,174.875,28.050926009670352,155.04,194.71,174.875,164.95749999999998,184.7925,5.179,2.141119333432865,3.665,6.693,5.179,4.422,5.936,dask_worker_4,Dask,DASK,General,1,07_AMZN_DASK_Read_Filter
dask-worker-5,110.185,1.3222896808188471,109.25,111.12,110.185,109.7175,110.6525,3.5195,0.231223917448001,3.356,3.683,3.5195,3.43775,3.60125,dask_worker_5,Dask,DASK,General,1,07_AMZN_DASK_Read_Filter
dask-notebook,0.0,0.0,0.0,0.0,0.0,0.0,0.0,0.0913671875,0.0,0.0913671875,0.0913671875,0.0913671875,0.0913671875,0.0913671875,dask_notebook,Dask,DASK,General,2,07_AMZN_DASK_Read_Filter
dask-scheduler,5.29,1.1455129855222064,4.48,6.1,5.29,4.885,5.695,0.2537109374999999,0.0001381067932005,0.25361328125,0.25380859375,0.2537109374999999,0.253662109375,0.2537597656249999,dask_scheduler,Dask,DASK,General,2,07_AMZN_DASK_Read_Filter
dask-worker-1,116.395,1.4212846301849693,115.39,117.4,116.395,115.8925,116.8975,3.217,0.8301433611130069,2.63,3.804,3.217,2.9235,3.5105,dask_worker_1,Dask,DASK,General,2,07_AMZN_DASK_Read_Filter
dask-worker-2,114.625,2.623366158202097,112.77,116.48,114.625,113.6975,115.5525,2.572,0.5020458146424487,2.217,2.927,2.572,2.3945,2.7495000000000003,dask_worker_2,Dask,DASK,General,2,07_AMZN_DASK_Read_Filter
dask-worker-3,205.06,1.032375900532345,204.33,205.79,205.06,204.695,205.425,5.1815,1.6355379848844844,4.025,6.338,5.1815,4.60325,5.75975,dask_worker_3,Dask,DASK,General,2,07_AMZN_DASK_Read_Filter
dask-worker-4,204.6,1.3576450198781824,203.64,205.56,204.6,204.12,205.08,4.390499999999999,0.4843681451127851,4.048,4.733,4.390499999999999,4.21925,4.56175,dask_worker_4,Dask,DASK,General,2,07_AMZN_DASK_Read_Filter
dask-worker-5,64.875,67.86103779047296,16.89,112.86,64.875,40.8825,88.8675,2.6965000000000003,0.7474118677141809,2.168,3.225,2.6965000000000003,2.43225,2.96075,dask_worker_5,Dask,DASK,General,2,07_AMZN_DASK_Read_Filter
dask-notebook,0.0,0.0,0.0,0.0,0.0,0.0,0.0,0.0913671875,0.0,0.0913671875,0.0913671875,0.0913671875,0.0913671875,0.0913671875,dask_notebook,Dask,DASK,General,3,07_AMZN_DASK_Read_Filter
dask-scheduler,12.28,6.939394786290805,6.2,19.84,10.8,8.5,15.32,0.2130208333333333,0.0781735892195886,0.12275390625,0.25830078125,0.2580078125,0.190380859375,0.258154296875,dask_scheduler,Dask,DASK,General,3,07_AMZN_DASK_Read_Filter
dask-worker-1,72.50666666666667,58.36714343989547,5.8,114.19,97.53,51.665,105.86,2.013,0.2477559282842691,1.784,2.276,1.979,1.8815,2.1275,dask_worker_1,Dask,DASK,General,3,07_AMZN_DASK_Read_Filter
dask-worker-2,62.833333333333336,53.70799785258554,5.99,112.73,69.78,37.885000000000005,91.255,1.955,0.2301043241662354,1.713,2.171,1.981,1.847,2.076,dask_worker_2,Dask,DASK,General,3,07_AMZN_DASK_Read_Filter
dask-worker-3,69.30666666666666,95.18595764782394,5.9,178.76,23.26,14.580000000000002,101.01,2.4963333333333337,0.1960773656833785,2.339,2.716,2.434,2.3865,2.575,dask_worker_3,Dask,DASK,General,3,07_AMZN_DASK_Read_Filter
dask-worker-4,127.39666666666666,106.41154887197789,5.81,203.55,172.83,89.32000000000001,188.19,2.602,0.2340405947693689,2.347,2.807,2.652,2.4995000000000003,2.7295,dask_worker_4,Dask,DASK,General,3,07_AMZN_DASK_Read_Filter
dask-worker-5,64.79333333333334,54.09192669274531,5.74,111.94,76.7,41.22,94.32,2.3396666666666666,0.1500044443786026,2.189,2.489,2.341,2.265,2.415,dask_worker_5,Dask,DASK,General,3,07_AMZN_DASK_Read_Filter
dask-notebook,0.01,0.0,0.01,0.01,0.01,0.01,0.01,0.0913671875,0.0,0.0913671875,0.0913671875,0.0913671875,0.0913671875,0.0913671875,dask_notebook,Dask,DASK,General,4,07_AMZN_DASK_Read_Filter
dask-scheduler,5.365,0.7283199846221438,4.85,5.88,5.365,5.1075,5.6225,0.262548828125,6.90533966002056e-05,0.2625,0.26259765625,0.262548828125,0.2625244140625,0.2625732421875,dask_scheduler,Dask,DASK,General,4,07_AMZN_DASK_Read_Filter
dask-worker-1,111.28,2.8567113959936465,109.26,113.3,111.28,110.27,112.29,2.986,0.4384062043356591,2.676,3.296,2.986,2.831,3.141,dask_worker_1,Dask,DASK,General,4,07_AMZN_DASK_Read_Filter
dask-worker-2,110.775,0.5868986283848282,110.36,111.19,110.775,110.5675,110.9825,2.7015,0.3047630226914015,2.486,2.917,2.7015,2.59375,2.80925,dask_worker_2,Dask,DASK,General,4,07_AMZN_DASK_Read_Filter
dask-worker-3,194.905,1.520279579551061,193.83,195.98,194.905,194.3675,195.4425,4.032500000000001,1.0910657633708427,3.261,4.804,4.032500000000001,3.64675,4.4182500000000005,dask_worker_3,Dask,DASK,General,4,07_AMZN_DASK_Read_Filter
dask-worker-4,194.99,2.4748737341529163,193.24,196.74,194.99,194.115,195.865,4.4915,0.1180868324581533,4.408,4.575,4.4915,4.44975,4.533250000000001,dask_worker_4,Dask,DASK,General,4,07_AMZN_DASK_Read_Filter
dask-worker-5,110.465,0.2616295090390257,110.28,110.65,110.465,110.3725,110.5575,3.4705,0.471640223051427,3.137,3.804,3.4705,3.30375,3.63725,dask_worker_5,Dask,DASK,General,4,07_AMZN_DASK_Read_Filter
dask-notebook,0.0,0.0,0.0,0.0,0.0,0.0,0.0,0.0913671875,0.0,0.0913671875,0.0913671875,0.0913671875,0.0913671875,0.0913671875,dask_notebook,Dask,DASK,General,5,07_AMZN_DASK_Read_Filter
dask-scheduler,5.095,0.120208152801713,5.01,5.18,5.095,5.0525,5.137499999999999,0.263037109375,0.0002071601898007,0.262890625,0.26318359375,0.263037109375,0.2629638671875,0.2631103515625,dask_scheduler,Dask,DASK,General,5,07_AMZN_DASK_Read_Filter
dask-worker-1,108.48,6.420529573173855,103.94,113.02,108.48,106.21,110.75,2.9475,0.2976919548795365,2.737,3.158,2.9475,2.84225,3.05275,dask_worker_1,Dask,DASK,General,5,07_AMZN_DASK_Read_Filter
dask-worker-2,108.505,3.585031380615796,105.97,111.04,108.505,107.2375,109.7725,2.398,0.193747258045114,2.261,2.535,2.398,2.3295000000000003,2.4665,dask_worker_2,Dask,DASK,General,5,07_AMZN_DASK_Read_Filter
dask-worker-3,194.075,4.617407281148166,190.81,197.34,194.075,192.4425,195.7075,3.188,0.0494974746830583,3.153,3.223,3.188,3.1705,3.2055,dask_worker_3,Dask,DASK,General,5,07_AMZN_DASK_Read_Filter
dask-worker-4,192.575,1.2515790027002065,191.69,193.46,192.575,192.1325,193.0175,3.463,0.1951614716074869,3.325,3.601,3.463,3.394,3.532,dask_worker_4,Dask,DASK,General,5,07_AMZN_DASK_Read_Filter
dask-worker-5,106.79,3.63452885529886,104.22,109.36,106.79,105.505,108.075,2.793,0.1527350647362939,2.685,2.901,2.793,2.739,2.847,dask_worker_5,Dask,DASK,General,5,07_AMZN_DASK_Read_Filter
dask-notebook,0.0,0.0,0.0,0.0,0.0,0.0,0.0,0.0913671875,0.0,0.0913671875,0.0913671875,0.0913671875,0.0913671875,0.0913671875,dask_notebook,Dask,DASK,General,1,07_AMZN_DASK_Read_Filter_Write
dask-scheduler,4.986666666666667,3.648634447753479,2.4,9.16,3.4,2.9,6.28,0.2141276041666666,0.0837005978154657,0.11748046875,0.26298828125,0.2619140625,0.189697265625,0.262451171875,dask_scheduler,Dask,DASK,General,1,07_AMZN_DASK_Read_Filter_Write
dask-worker-1,53.72666666666667,49.02708061197743,5.34,103.37,52.47,28.905,77.92,1.2672955729166666,1.2582345674112685,0.473046875,2.718,0.61083984375,0.541943359375,1.664419921875,dask_worker_1,Dask,DASK,General,1,07_AMZN_DASK_Read_Filter_Write
dask-worker-2,21.596666666666668,26.892293195882964,5.42,52.64,6.73,6.075,29.685,0.7076171875,0.2501323540334232,0.4205078125,0.87841796875,0.82392578125,0.6222167968750001,0.851171875,dask_worker_2,Dask,DASK,General,1,07_AMZN_DASK_Read_Filter_Write
dask-worker-3,123.24333333333333,102.50167917323762,5.46,192.23,172.04,88.75,182.135,3.0986666666666665,1.6150363257008593,1.304,4.435,3.557,2.4305,3.996,dask_worker_3,Dask,DASK,General,1,07_AMZN_DASK_Read_Filter_Write
dask-worker-4,70.75,61.23103461480951,5.21,126.49,80.55,42.88,103.52,4.126666666666666,1.3033066919698268,3.315,5.63,3.435,3.375,4.5325,dask_worker_4,Dask,DASK,General,1,07_AMZN_DASK_Read_Filter_Write
dask-worker-5,70.32333333333334,56.48715458697962,5.5,109.0,96.47,50.985,102.735,3.2419999999999995,0.9200766272436228,2.582,4.293,2.851,2.7165,3.572,dask_worker_5,Dask,DASK,General,1,07_AMZN_DASK_Read_Filter_Write
dask-notebook,0.0,0.0,0.0,0.0,0.0,0.0,0.0,0.0913671875,0.0,0.0913671875,0.0913671875,0.0913671875,0.0913671875,0.0913671875,dask_notebook,Dask,DASK,General,2,07_AMZN_DASK_Read_Filter_Write
dask-scheduler,7.286666666666666,3.84506610259607,4.66,11.7,5.5,5.08,8.6,0.2537434895833333,0.000298344771807,0.25341796875,0.25400390625,0.25380859375,0.25361328125,0.25390625,dask_scheduler,Dask,DASK,General,2,07_AMZN_DASK_Read_Filter_Write
dask-worker-1,92.92,14.762015445053573,83.46,109.93,85.37,84.41499999999999,97.65,1.2735677083333332,0.5846717145144403,0.745703125,1.902,1.173,0.9593515625,1.5375,dask_worker_1,Dask,DASK,General,2,07_AMZN_DASK_Read_Filter_Write
dask-worker-2,95.67666666666666,13.70341684884954,81.8,109.2,96.03,88.91499999999999,102.615,1.8523333333333332,0.7304808918331356,1.187,2.634,1.736,1.4615,2.185,dask_worker_2,Dask,DASK,General,2,07_AMZN_DASK_Read_Filter_Write
dask-worker-3,142.17999999999998,12.086343533095532,128.7,152.05,145.79,137.245,148.92000000000002,2.2053333333333334,0.2758157597624422,1.887,2.373,2.356,2.1215,2.3645,dask_worker_3,Dask,DASK,General,2,07_AMZN_DASK_Read_Filter_Write
dask-worker-4,170.11,19.13586423446821,151.83,190.0,168.5,160.16500000000002,179.25,4.280666666666667,0.715033099466964,3.681,5.072,4.089,3.885,4.580500000000001,dask_worker_4,Dask,DASK,General,2,07_AMZN_DASK_Read_Filter_Write
dask-worker-5,91.91333333333334,15.727289446479103,82.52,110.07,83.15,82.83500000000001,96.61,3.317,0.3275194650703984,3.072,3.689,3.19,3.131,3.4395,dask_worker_5,Dask,DASK,General,2,07_AMZN_DASK_Read_Filter_Write
dask-notebook,0.0,0.0,0.0,0.0,0.0,0.0,0.0,0.0913671875,0.0,0.0913671875,0.0913671875,0.0913671875,0.0913671875,0.0913671875,dask_notebook,Dask,DASK,General,3,07_AMZN_DASK_Read_Filter_Write
dask-scheduler,4.66,0.6478168465443511,4.04,5.35,4.625,4.145,5.140000000000001,0.2545166015625,0.0002804962229754,0.2541015625,0.2546875,0.254638671875,0.2544677734375,0.2546875,dask_scheduler,Dask,DASK,General,3,07_AMZN_DASK_Read_Filter_Write
dask-worker-1,75.2875,44.98619742024583,8.06,101.42,95.835,71.27000000000001,99.8525,1.32725,0.1563998614662643,1.168,1.466,1.3375,1.2055,1.45925,dask_worker_1,Dask,DASK,General,3,07_AMZN_DASK_Read_Filter_Write
dask-worker-2,74.4475,45.93551884616812,8.11,107.83,90.925,61.4725,103.9,1.61175,0.2402101510483408,1.253,1.761,1.7165,1.5935,1.73475,dask_worker_2,Dask,DASK,General,3,07_AMZN_DASK_Read_Filter_Write
dask-worker-3,130.8975,84.48558511170215,7.89,186.29,164.70499999999998,109.3425,186.26,2.19325,0.2517596406628089,1.859,2.448,2.233,2.0855,2.34075,dask_worker_3,Dask,DASK,General,3,07_AMZN_DASK_Read_Filter_Write
dask-worker-4,116.5,63.35429635523282,43.11,189.88,116.505,79.2525,153.7525,3.4965,0.490553768714501,2.866,4.009,3.5555000000000003,3.2590000000000003,3.793,dask_worker_4,Dask,DASK,General,3,07_AMZN_DASK_Read_Filter_Write
dask-worker-5,73.1525,44.39564946778758,8.24,107.2,88.58500000000001,64.265,97.4725,2.90875,0.335906112874813,2.608,3.246,2.8905000000000003,2.6260000000000003,3.17325,dask_worker_5,Dask,DASK,General,3,07_AMZN_DASK_Read_Filter_Write
dask-notebook,0.0033333333333333,0.0057735026918962,0.0,0.01,0.0,0.0,0.005,0.0913671875,0.0,0.0913671875,0.0913671875,0.0913671875,0.0913671875,0.0913671875,dask_notebook,Dask,DASK,General,4,07_AMZN_DASK_Read_Filter_Write
dask-scheduler,4.906666666666666,0.537152988759565,4.52,5.52,4.68,4.6,5.1,0.2533854166666667,0.0004065753905207,0.2529296875,0.2537109375,0.253515625,0.25322265625,0.25361328125,dask_scheduler,Dask,DASK,General,4,07_AMZN_DASK_Read_Filter_Write
dask-worker-1,112.75333333333332,1.5900104821457333,111.68,114.58,112.0,111.84,113.29,4.086666666666667,0.5821428805141687,3.417,4.472,4.371,3.894,4.4215,dask_worker_1,Dask,DASK,General,4,07_AMZN_DASK_Read_Filter_Write
dask-worker-2,44.42333333333334,57.87649724485176,10.43,111.25,11.59,11.01,61.42,1.7393333333333334,0.8137753580278362,1.269,2.679,1.27,1.2695,1.9745,dask_worker_2,Dask,DASK,General,4,07_AMZN_DASK_Read_Filter_Write
dask-worker-3,175.0533333333333,37.59758281237417,131.69,198.55,194.92,163.305,196.735,5.730666666666667,1.6227151115748366,3.895,6.974,6.323,5.109,6.6485,dask_worker_3,Dask,DASK,General,4,07_AMZN_DASK_Read_Filter_Write
dask-worker-4,199.3766666666667,5.711228706095848,195.63,205.95,196.55,196.09,201.25,5.670999999999999,0.440030680748513,5.378,6.177,5.458,5.418,5.8175,dask_worker_4,Dask,DASK,General,4,07_AMZN_DASK_Read_Filter_Write
dask-worker-5,113.44333333333334,1.2362173487430737,112.36,114.79,113.18,112.77,113.985,3.864333333333333,0.1724422608681915,3.717,4.054,3.822,3.7695,3.938,dask_worker_5,Dask,DASK,General,4,07_AMZN_DASK_Read_Filter_Write
dask-notebook,0.5466666666666666,0.9468544414709862,0.0,1.64,0.0,0.0,0.82,0.0915266927083333,0.0002762711249051,0.0913671875,0.091845703125,0.0913671875,0.0913671875,0.0916064453125,dask_notebook,Dask,DASK,General,5,07_AMZN_DASK_Read_Filter_Write
dask-scheduler,5.31,0.5208646657242171,4.84,5.87,5.22,5.029999999999999,5.545,0.2599283854166667,0.0002457628396898,0.25966796875,0.26015625,0.2599609375,0.2598144531249999,0.2600585937499999,dask_scheduler,Dask,DASK,General,5,07_AMZN_DASK_Read_Filter_Write
dask-worker-1,110.58,2.3739418695494607,107.84,112.02,111.88,109.86,111.95,3.6543333333333337,0.5398715896704822,3.257,4.269,3.437,3.347,3.853,dask_worker_1,Dask,DASK,General,5,07_AMZN_DASK_Read_Filter_Write
dask-worker-2,110.70333333333332,1.616240493655981,108.85,111.82,111.44,110.145,111.63,3.294333333333333,0.3057389954411005,3.104,3.647,3.132,3.1180000000000003,3.3895,dask_worker_2,Dask,DASK,General,5,07_AMZN_DASK_Read_Filter_Write
dask-worker-3,194.50666666666663,3.612925868784654,190.34,196.77,196.41,193.375,196.59,6.033666666666666,1.1462723643765182,5.293,7.354,5.454,5.3735,6.404,dask_worker_3,Dask,DASK,General,5,07_AMZN_DASK_Read_Filter_Write
dask-worker-4,150.01666666666668,44.89666839903976,112.85,199.9,137.3,125.075,168.60000000000002,3.895,0.7590968317678578,3.297,4.749,3.639,3.468,4.194,dask_worker_4,Dask,DASK,General,5,07_AMZN_DASK_Read_Filter_Write
dask-worker-5,87.71333333333332,42.25139327091279,39.05,115.06,109.03,74.03999999999999,112.045,3.76,1.21004669331394,2.363,4.481,4.436,3.3995,4.4585,dask_worker_5,Dask,DASK,General,5,07_AMZN_DASK_Read_Filter_Write
ray-client,17.05,,17.05,17.05,17.05,17.05,17.05,0.74931640625,,0.74931640625,0.74931640625,0.74931640625,0.74931640625,0.74931640625,ray_client,Ray,RAY,General,1,07_AMZN_RAY_Read_Filter
ray-head,200.26,,200.26,200.26,200.26,200.26,200.26,1.886,,1.886,1.886,1.886,1.886,1.886,ray_head,Ray,RAY,General,1,07_AMZN_RAY_Read_Filter
ray-worker-1,29.27,,29.27,29.27,29.27,29.27,29.27,0.88037109375,,0.88037109375,0.88037109375,0.88037109375,0.88037109375,0.88037109375,ray_worker_1,Ray,RAY,General,1,07_AMZN_RAY_Read_Filter
ray-worker-2,45.09,,45.09,45.09,45.09,45.09,45.09,0.94833984375,,0.94833984375,0.94833984375,0.94833984375,0.94833984375,0.94833984375,ray_worker_2,Ray,RAY,General,1,07_AMZN_RAY_Read_Filter
ray-worker-3,89.79,,89.79,89.79,89.79,89.79,89.79,1.399,,1.399,1.399,1.399,1.399,1.399,ray_worker_3,Ray,RAY,General,1,07_AMZN_RAY_Read_Filter
ray-worker-4,82.09,,82.09,82.09,82.09,82.09,82.09,1.298,,1.298,1.298,1.298,1.298,1.298,ray_worker_4,Ray,RAY,General,1,07_AMZN_RAY_Read_Filter
ray-worker-5,21.87,,21.87,21.87,21.87,21.87,21.87,0.912109375,,0.912109375,0.912109375,0.912109375,0.912109375,0.912109375,ray_worker_5,Ray,RAY,General,1,07_AMZN_RAY_Read_Filter
ray-client,33.06,,33.06,33.06,33.06,33.06,33.06,0.85224609375,,0.85224609375,0.85224609375,0.85224609375,0.85224609375,0.85224609375,ray_client,Ray,RAY,General,2,07_AMZN_RAY_Read_Filter
ray-head,12.76,,12.76,12.76,12.76,12.76,12.76,1.779,,1.779,1.779,1.779,1.779,1.779,ray_head,Ray,RAY,General,2,07_AMZN_RAY_Read_Filter
ray-worker-1,10.58,,10.58,10.58,10.58,10.58,10.58,0.9970703125,,0.9970703125,0.9970703125,0.9970703125,0.9970703125,0.9970703125,ray_worker_1,Ray,RAY,General,2,07_AMZN_RAY_Read_Filter
ray-worker-2,12.18,,12.18,12.18,12.18,12.18,12.18,0.8763671875,,0.8763671875,0.8763671875,0.8763671875,0.8763671875,0.8763671875,ray_worker_2,Ray,RAY,General,2,07_AMZN_RAY_Read_Filter
ray-worker-3,9.03,,9.03,9.03,9.03,9.03,9.03,0.84462890625,,0.84462890625,0.84462890625,0.84462890625,0.84462890625,0.84462890625,ray_worker_3,Ray,RAY,General,2,07_AMZN_RAY_Read_Filter
ray-worker-4,9.42,,9.42,9.42,9.42,9.42,9.42,0.8634765625,,0.8634765625,0.8634765625,0.8634765625,0.8634765625,0.8634765625,ray_worker_4,Ray,RAY,General,2,07_AMZN_RAY_Read_Filter
ray-worker-5,9.02,,9.02,9.02,9.02,9.02,9.02,0.97568359375,,0.97568359375,0.97568359375,0.97568359375,0.97568359375,0.97568359375,ray_worker_5,Ray,RAY,General,2,07_AMZN_RAY_Read_Filter
ray-client,3.6,,3.6,3.6,3.6,3.6,3.6,0.54306640625,,0.54306640625,0.54306640625,0.54306640625,0.54306640625,0.54306640625,ray_client,Ray,RAY,General,3,07_AMZN_RAY_Read_Filter
ray-head,224.53,,224.53,224.53,224.53,224.53,224.53,1.498,,1.498,1.498,1.498,1.498,1.498,ray_head,Ray,RAY,General,3,07_AMZN_RAY_Read_Filter
ray-worker-1,137.52,,137.52,137.52,137.52,137.52,137.52,0.75458984375,,0.75458984375,0.75458984375,0.75458984375,0.75458984375,0.75458984375,ray_worker_1,Ray,RAY,General,3,07_AMZN_RAY_Read_Filter
ray-worker-2,226.68,,226.68,226.68,226.68,226.68,226.68,0.75244140625,,0.75244140625,0.75244140625,0.75244140625,0.75244140625,0.75244140625,ray_worker_2,Ray,RAY,General,3,07_AMZN_RAY_Read_Filter
ray-worker-3,191.55,,191.55,191.55,191.55,191.55,191.55,0.80380859375,,0.80380859375,0.80380859375,0.80380859375,0.80380859375,0.80380859375,ray_worker_3,Ray,RAY,General,3,07_AMZN_RAY_Read_Filter
ray-worker-4,230.08,,230.08,230.08,230.08,230.08,230.08,0.7529296875,,0.7529296875,0.7529296875,0.7529296875,0.7529296875,0.7529296875,ray_worker_4,Ray,RAY,General,3,07_AMZN_RAY_Read_Filter
ray-worker-5,197.35,,197.35,197.35,197.35,197.35,197.35,0.7900390625,,0.7900390625,0.7900390625,0.7900390625,0.7900390625,0.7900390625,ray_worker_5,Ray,RAY,General,3,07_AMZN_RAY_Read_Filter
ray-client,33.92,,33.92,33.92,33.92,33.92,33.92,0.5291015625,,0.5291015625,0.5291015625,0.5291015625,0.5291015625,0.5291015625,ray_client,Ray,RAY,General,4,07_AMZN_RAY_Read_Filter
ray-head,30.24,,30.24,30.24,30.24,30.24,30.24,1.613,,1.613,1.613,1.613,1.613,1.613,ray_head,Ray,RAY,General,4,07_AMZN_RAY_Read_Filter
ray-worker-1,13.09,,13.09,13.09,13.09,13.09,13.09,0.81318359375,,0.81318359375,0.81318359375,0.81318359375,0.81318359375,0.81318359375,ray_worker_1,Ray,RAY,General,4,07_AMZN_RAY_Read_Filter
ray-worker-2,23.12,,23.12,23.12,23.12,23.12,23.12,0.72265625,,0.72265625,0.72265625,0.72265625,0.72265625,0.72265625,ray_worker_2,Ray,RAY,General,4,07_AMZN_RAY_Read_Filter
ray-worker-3,45.07,,45.07,45.07,45.07,45.07,45.07,0.730859375,,0.730859375,0.730859375,0.730859375,0.730859375,0.730859375,ray_worker_3,Ray,RAY,General,4,07_AMZN_RAY_Read_Filter
ray-worker-4,27.54,,27.54,27.54,27.54,27.54,27.54,0.71572265625,,0.71572265625,0.71572265625,0.71572265625,0.71572265625,0.71572265625,ray_worker_4,Ray,RAY,General,4,07_AMZN_RAY_Read_Filter
ray-worker-5,25.93,,25.93,25.93,25.93,25.93,25.93,0.7478515625,,0.7478515625,0.7478515625,0.7478515625,0.7478515625,0.7478515625,ray_worker_5,Ray,RAY,General,4,07_AMZN_RAY_Read_Filter
ray-client,54.09,,54.09,54.09,54.09,54.09,54.09,0.727734375,,0.727734375,0.727734375,0.727734375,0.727734375,0.727734375,ray_client,Ray,RAY,General,5,07_AMZN_RAY_Read_Filter
ray-head,10.57,,10.57,10.57,10.57,10.57,10.57,1.783,,1.783,1.783,1.783,1.783,1.783,ray_head,Ray,RAY,General,5,07_AMZN_RAY_Read_Filter
ray-worker-1,61.41,,61.41,61.41,61.41,61.41,61.41,1.319,,1.319,1.319,1.319,1.319,1.319,ray_worker_1,Ray,RAY,General,5,07_AMZN_RAY_Read_Filter
ray-worker-2,69.59,,69.59,69.59,69.59,69.59,69.59,0.8859375,,0.8859375,0.8859375,0.8859375,0.8859375,0.8859375,ray_worker_2,Ray,RAY,General,5,07_AMZN_RAY_Read_Filter
ray-worker-3,5.56,,5.56,5.56,5.56,5.56,5.56,0.79619140625,,0.79619140625,0.79619140625,0.79619140625,0.79619140625,0.79619140625,ray_worker_3,Ray,RAY,General,5,07_AMZN_RAY_Read_Filter
ray-worker-4,6.21,,6.21,6.21,6.21,6.21,6.21,0.82666015625,,0.82666015625,0.82666015625,0.82666015625,0.82666015625,0.82666015625,ray_worker_4,Ray,RAY,General,5,07_AMZN_RAY_Read_Filter
ray-worker-5,34.83,,34.83,34.83,34.83,34.83,34.83,1.145,,1.145,1.145,1.145,1.145,1.145,ray_worker_5,Ray,RAY,General,5,07_AMZN_RAY_Read_Filter
ray-client,7.43,13.056957915226656,1.05,30.77,1.74,1.25,2.34,0.4477929687499999,0.0529319666973532,0.4240234375,0.54248046875,0.42412109375,0.42412109375,0.42421875,ray_client,Ray,RAY,General,1,07_AMZN_RAY_Read_Filter_Write
ray-head,3.532,1.2384748685379126,2.31,5.55,3.17,2.9,3.73,1.3278,0.0004472135954999,1.327,1.328,1.328,1.328,1.328,ray_head,Ray,RAY,General,1,07_AMZN_RAY_Read_Filter_Write
ray-worker-1,20.46,41.6187776129958,1.23,94.9,1.61,1.56,3.0,0.4796484375,0.0316308729425526,0.465234375,0.53623046875,0.465625,0.4654296875,0.46572265625,ray_worker_1,Ray,RAY,General,1,07_AMZN_RAY_Read_Filter_Write
ray-worker-2,20.186,41.65268154633024,1.05,94.69,1.53,1.19,2.47,0.46609375,0.0338030588786101,0.4509765625,0.5265625,0.4509765625,0.4509765625,0.4509765625,ray_worker_2,Ray,RAY,General,1,07_AMZN_RAY_Read_Filter_Write
ray-worker-3,1.6780000000000002,0.7413973293720446,1.11,2.97,1.46,1.3,1.55,0.43958984375,5.348853100635113e-05,0.43955078125,0.4396484375,0.43955078125,0.43955078125,0.4396484375,ray_worker_3,Ray,RAY,General,1,07_AMZN_RAY_Read_Filter_Write
ray-worker-4,17.082,35.00831286994562,1.03,79.7,1.24,1.13,2.31,0.45818359375,0.0288352630792678,0.44521484375,0.509765625,0.4453125,0.4453125,0.4453125,ray_worker_4,Ray,RAY,General,1,07_AMZN_RAY_Read_Filter_Write
ray-worker-5,22.074,46.53068267283428,1.12,105.31,1.21,1.16,1.57,0.47376953125,0.0364454511862647,0.45732421875,0.53896484375,0.45751953125,0.457421875,0.4576171875,ray_worker_5,Ray,RAY,General,1,07_AMZN_RAY_Read_Filter_Write
ray-client,19.44,43.45260262630997,2.64,135.2,5.52,3.54,5.8,0.6399305555555556,0.0392420933906887,0.621484375,0.73369140625,0.6216796875,0.621484375,0.62177734375,ray_client,Ray,RAY,General,2,07_AMZN_RAY_Read_Filter_Write
ray-head,39.28888888888888,74.64713314060434,12.83,238.32,15.18,13.46,15.43,2.1497777777777776,0.2075920144043224,1.941,2.479,2.271,1.942,2.278,ray_head,Ray,RAY,General,2,07_AMZN_RAY_Read_Filter_Write
ray-worker-1,10.106666666666667,14.649978668926453,3.66,48.99,5.78,4.07,5.97,0.6259548611111111,0.0059827461471678,0.6234375,0.64189453125,0.6240234375,0.62392578125,0.62412109375,ray_worker_1,Ray,RAY,General,2,07_AMZN_RAY_Read_Filter_Write
ray-worker-2,4.625555555555556,1.3970783005178262,3.46,7.8,3.99,3.79,5.25,0.6167426215277777,0.013392096805687,0.61142578125,0.65244140625,0.61240234375,0.6123046875,0.61259765625,ray_worker_2,Ray,RAY,General,2,07_AMZN_RAY_Read_Filter_Write
ray-worker-3,6.724444444444444,10.541146891006584,2.65,34.76,3.05,2.66,3.68,0.5593098958333333,0.0202403032610342,0.5521484375,0.61328125,0.55263671875,0.5525390625,0.55263671875,ray_worker_3,Ray,RAY,General,2,07_AMZN_RAY_Read_Filter_Write
ray-worker-4,10.792222222222222,18.110870891385765,3.98,59.05,4.67,4.09,5.57,0.6221788194444444,0.0388512489784685,0.608984375,0.72578125,0.6091796875,0.6091796875,0.60947265625,ray_worker_4,Ray,RAY,General,2,07_AMZN_RAY_Read_Filter_Write
ray-worker-5,11.047777777777778,18.94895760838692,3.67,61.53,4.69,4.09,5.88,0.6235026041666667,0.0073033557024563,0.6205078125,0.64296875,0.62119140625,0.62109375,0.62119140625,ray_worker_5,Ray,RAY,General,2,07_AMZN_RAY_Read_Filter_Write
ray-client,3.49,0.975329004319397,2.54,4.81,3.305,2.915,3.88,0.621728515625,0.0001260736766343,0.62158203125,0.621875,0.6217285156250001,0.6216552734375,0.6218017578125,ray_client,Ray,RAY,General,3,07_AMZN_RAY_Read_Filter_Write
ray-head,15.415,3.4318265301925357,13.11,20.51,14.02,13.575,15.86,2.21825,0.0004999999999999,2.218,2.219,2.218,2.218,2.21825,ray_head,Ray,RAY,General,3,07_AMZN_RAY_Read_Filter_Write
ray-worker-1,4.9075,1.1030979104322518,3.95,6.07,4.805,3.9725,5.74,0.624462890625,9.76562500000037e-05,0.6244140625,0.624609375,0.6244140625,0.6244140625,0.624462890625,ray_worker_1,Ray,RAY,General,3,07_AMZN_RAY_Read_Filter_Write
ray-worker-2,4.0475,0.6267043428390563,3.39,4.9,3.95,3.8025,4.195,0.612548828125,5.638186222549811e-05,0.6125,0.61259765625,0.612548828125,0.6125,0.61259765625,ray_worker_2,Ray,RAY,General,3,07_AMZN_RAY_Read_Filter_Write
ray-worker-3,3.175,0.84666010496145,2.54,4.41,2.875,2.6825,3.3675,0.5527099609375,9.349874099183666e-05,0.55263671875,0.55283203125,0.552685546875,0.55263671875,0.5527587890625,ray_worker_3,Ray,RAY,General,3,07_AMZN_RAY_Read_Filter_Write
ray-worker-4,4.875,1.3238705878345258,3.67,6.47,4.68,3.85,5.705,0.6092041015625,0.0001667797976229,0.608984375,0.609375,0.6092285156249999,0.609130859375,0.6093017578125,ray_worker_4,Ray,RAY,General,3,07_AMZN_RAY_Read_Filter_Write
ray-worker-5,4.755,1.3073255141700555,3.6,6.23,4.595000000000001,3.6825,5.6675,0.621533203125,5.638186222554085e-05,0.621484375,0.62158203125,0.621533203125,0.621484375,0.62158203125,ray_worker_5,Ray,RAY,General,3,07_AMZN_RAY_Read_Filter_Write
ray-client,15.877692307692309,42.925410724854295,2.37,158.13,2.84,2.59,3.29,0.6382812499999999,0.0404647797707606,0.62158203125,0.73515625,0.62177734375,0.6216796875,0.621875,ray_client,Ray,RAY,General,4,07_AMZN_RAY_Read_Filter_Write
ray-head,19.306153846153844,11.243351767794111,11.81,47.55,13.97,13.02,18.0,1.9782307692307688,0.1658428743550921,1.85,2.191,1.851,1.85,2.19,ray_head,Ray,RAY,General,4,07_AMZN_RAY_Read_Filter_Write
ray-worker-1,17.846153846153847,52.14774132827831,2.14,191.37,3.38,2.46,4.23,0.5509164663461539,0.0363135641790499,0.5359375,0.640234375,0.5361328125,0.53603515625,0.53623046875,ray_worker_1,Ray,RAY,General,4,07_AMZN_RAY_Read_Filter_Write
ray-worker-2,17.50153846153846,50.62432927064381,2.89,185.97,3.23,3.03,3.56,0.5768179086538462,0.0314145280916635,0.56455078125,0.67177734375,0.5650390625,0.56484375,0.56513671875,ray_worker_2,Ray,RAY,General,4,07_AMZN_RAY_Read_Filter_Write
ray-worker-3,19.90615384615385,58.19939912898036,2.55,213.58,3.68,3.24,4.98,0.5650991586538462,0.0322191027326675,0.5525390625,0.672265625,0.556640625,0.55625,0.55673828125,ray_worker_3,Ray,RAY,General,4,07_AMZN_RAY_Read_Filter_Write
ray-worker-4,18.34923076923077,51.81528272970219,2.66,190.77,3.86,3.18,4.91,0.5769305889423078,0.0324489533459383,0.56474609375,0.676953125,0.56494140625,0.56484375,0.5650390625,ray_worker_4,Ray,RAY,General,4,07_AMZN_RAY_Read_Filter_Write
ray-worker-5,12.22153846153846,29.95659132983197,2.94,111.88,3.46,3.24,4.77,0.5820462740384615,0.0206305173238931,0.57333984375,0.634765625,0.5736328125,0.57353515625,0.5740234375,ray_worker_5,Ray,RAY,General,4,07_AMZN_RAY_Read_Filter_Write
ray-client,8.001999999999999,6.637812223248796,2.69,26.23,6.494999999999999,5.975,7.6175,0.72333984375,0.0525787191245634,0.6236328125,0.74931640625,0.748828125,0.7447021484374999,0.749072265625,ray_client,Ray,RAY,General,5,07_AMZN_RAY_Read_Filter_Write
ray-head,81.065,42.20885721951944,10.86,146.37,86.255,77.015,101.985,2.243,0.3567003099397461,1.585,2.643,2.3715,2.3575,2.384,ray_head,Ray,RAY,General,5,07_AMZN_RAY_Read_Filter_Write
ray-worker-1,164.86200000000002,100.46013612926828,3.06,273.3,202.85,101.0875,233.27,2.748715625,1.1773957330617957,0.57998046875,3.45,3.378,2.718,3.4135,ray_worker_1,Ray,RAY,General,5,07_AMZN_RAY_Read_Filter_Write
ray-worker-2,169.46,101.0904598202356,3.02,263.49,211.54,115.16,248.21,3.358468359375,1.5178565871414162,0.56279296875,4.253,4.173500000000001,3.31725,4.2170000000000005,ray_worker_2,Ray,RAY,General,5,07_AMZN_RAY_Read_Filter_Write
ray-worker-3,152.754,81.95641296852045,4.6,233.4,182.52,152.7675,193.6675,2.831816015625,1.1638404116279146,0.64443359375,3.489,3.417,3.0515,3.4537500000000003,ray_worker_3,Ray,RAY,General,5,07_AMZN_RAY_Read_Filter_Write
ray-worker-4,151.837,84.64656507436605,4.1,255.25,181.69,132.4625,200.5425,3.1611,1.4078334978522251,0.61240234375,4.107,3.946,2.93075,4.0745000000000005,ray_worker_4,Ray,RAY,General,5,07_AMZN_RAY_Read_Filter_Write
ray-worker-5,178.648,102.92978553903194,1.65,262.3,236.025,130.9325,241.0175,2.721104296875,1.185276535838995,0.48447265625,3.38,3.299,3.029,3.3400000000000003,ray_worker_5,Ray,RAY,General,5,07_AMZN_RAY_Read_Filter_Write
spark-master,51.645,19.89091375477758,37.58,65.71,51.645,44.6125,58.6775,0.4166015625,0.2639220818061508,0.22998046875,0.60322265625,0.4166015625,0.323291015625,0.5099121093750001,master,Spark,SPARK,General,1,07_AMZN_SPARK_Read_Filter
spark-worker-1,16.24,14.990663761154808,5.64,26.84,16.24,10.94,21.54,0.3997070312499999,0.1933495104806965,0.26298828125,0.53642578125,0.3997070312499999,0.33134765625,0.4680664062499999,worker_1,Spark,SPARK,General,1,07_AMZN_SPARK_Read_Filter
spark-worker-2,14.04,11.115718600252526,6.18,21.9,14.04,10.11,17.97,0.402783203125,0.1798840981436481,0.2755859375,0.52998046875,0.402783203125,0.3391845703125,0.4663818359375,worker_2,Spark,SPARK,General,1,07_AMZN_SPARK_Read_Filter
spark-worker-3,14.52,12.713779925734126,5.53,23.51,14.52,10.025,19.015,0.3724121093749999,0.1863751174240714,0.240625,0.50419921875,0.3724121093749999,0.3065185546875,0.4383056640624999,worker_3,Spark,SPARK,General,1,07_AMZN_SPARK_Read_Filter
spark-worker-4,12.925,12.692566722298526,3.95,21.9,12.925,8.4375,17.412499999999998,0.44833984375,0.2452776647240837,0.27490234375,0.62177734375,0.44833984375,0.36162109375,0.5350585937500001,worker_4,Spark,SPARK,General,1,07_AMZN_SPARK_Read_Filter
spark-worker-5,14.835,14.870455608353096,4.32,25.35,14.835,9.5775,20.0925,0.4468261718749999,0.2434132230158769,0.27470703125,0.6189453125,0.4468261718749999,0.3607666015625,0.5328857421875,worker_5,Spark,SPARK,General,1,07_AMZN_SPARK_Read_Filter
spark-master,51.645,19.89091375477758,37.58,65.71,51.645,44.6125,58.6775,0.4166015625,0.2639220818061508,0.22998046875,0.60322265625,0.4166015625,0.323291015625,0.5099121093750001,master,Spark,SPARK,General,1,07_AMZN_SPARK_Read_Filter
spark-worker-1,16.24,14.990663761154808,5.64,26.84,16.24,10.94,21.54,0.3997070312499999,0.1933495104806965,0.26298828125,0.53642578125,0.3997070312499999,0.33134765625,0.4680664062499999,worker_1,Spark,SPARK,General,1,07_AMZN_SPARK_Read_Filter
spark-worker-2,14.04,11.115718600252526,6.18,21.9,14.04,10.11,17.97,0.402783203125,0.1798840981436481,0.2755859375,0.52998046875,0.402783203125,0.3391845703125,0.4663818359375,worker_2,Spark,SPARK,General,1,07_AMZN_SPARK_Read_Filter
spark-worker-3,14.52,12.713779925734126,5.53,23.51,14.52,10.025,19.015,0.3724121093749999,0.1863751174240714,0.240625,0.50419921875,0.3724121093749999,0.3065185546875,0.4383056640624999,worker_3,Spark,SPARK,General,1,07_AMZN_SPARK_Read_Filter
spark-worker-4,12.925,12.692566722298526,3.95,21.9,12.925,8.4375,17.412499999999998,0.44833984375,0.2452776647240837,0.27490234375,0.62177734375,0.44833984375,0.36162109375,0.5350585937500001,worker_4,Spark,SPARK,General,1,07_AMZN_SPARK_Read_Filter
spark-worker-5,14.835,14.870455608353096,4.32,25.35,14.835,9.5775,20.0925,0.4468261718749999,0.2434132230158769,0.27470703125,0.6189453125,0.4468261718749999,0.3607666015625,0.5328857421875,worker_5,Spark,SPARK,General,1,07_AMZN_SPARK_Read_Filter
spark-master,88.845,118.56059400154842,5.01,172.68,88.845,46.9275,130.7625,0.6187988281250001,0.0332146837647196,0.5953125,0.64228515625,0.6187988281250001,0.6070556640625,0.6305419921875001,master,Spark,SPARK,General,2,07_AMZN_SPARK_Read_Filter
spark-worker-1,90.425,19.509076092936848,76.63,104.22,90.425,83.5275,97.3225,0.646728515625,0.0981248765689534,0.57734375,0.71611328125,0.646728515625,0.6120361328125,0.6814208984375,worker_1,Spark,SPARK,General,2,07_AMZN_SPARK_Read_Filter
spark-worker-2,96.65,12.331942263893389,87.93,105.37,96.65,92.29,101.01,0.619873046875,0.0732656537928639,0.56806640625,0.6716796875,0.619873046875,0.5939697265625,0.6457763671875,worker_2,Spark,SPARK,General,2,07_AMZN_SPARK_Read_Filter
spark-worker-3,107.06,7.311484117468904,101.89,112.23,107.06,104.475,109.645,0.594287109375,0.0522734212263883,0.55732421875,0.63125,0.594287109375,0.5758056640625,0.6127685546875,worker_3,Spark,SPARK,General,2,07_AMZN_SPARK_Read_Filter
spark-worker-4,109.775,33.226947647955875,86.28,133.27,109.775,98.0275,121.5225,0.6974609375,0.0886645612347193,0.634765625,0.76015625,0.6974609375,0.66611328125,0.72880859375,worker_4,Spark,SPARK,General,2,07_AMZN_SPARK_Read_Filter
spark-worker-5,95.12,77.72517738802532,40.16,150.08,95.12,67.64,122.6,0.6828125,0.0962604348607467,0.61474609375,0.75087890625,0.6828125,0.648779296875,0.716845703125,worker_5,Spark,SPARK,General,2,07_AMZN_SPARK_Read_Filter
spark-master,88.845,118.56059400154842,5.01,172.68,88.845,46.9275,130.7625,0.6187988281250001,0.0332146837647196,0.5953125,0.64228515625,0.6187988281250001,0.6070556640625,0.6305419921875001,master,Spark,SPARK,General,2,07_AMZN_SPARK_Read_Filter
spark-worker-1,90.425,19.509076092936848,76.63,104.22,90.425,83.5275,97.3225,0.646728515625,0.0981248765689534,0.57734375,0.71611328125,0.646728515625,0.6120361328125,0.6814208984375,worker_1,Spark,SPARK,General,2,07_AMZN_SPARK_Read_Filter
spark-worker-2,96.65,12.331942263893389,87.93,105.37,96.65,92.29,101.01,0.619873046875,0.0732656537928639,0.56806640625,0.6716796875,0.619873046875,0.5939697265625,0.6457763671875,worker_2,Spark,SPARK,General,2,07_AMZN_SPARK_Read_Filter
spark-worker-3,107.06,7.311484117468904,101.89,112.23,107.06,104.475,109.645,0.594287109375,0.0522734212263883,0.55732421875,0.63125,0.594287109375,0.5758056640625,0.6127685546875,worker_3,Spark,SPARK,General,2,07_AMZN_SPARK_Read_Filter
spark-worker-4,109.775,33.226947647955875,86.28,133.27,109.775,98.0275,121.5225,0.6974609375,0.0886645612347193,0.634765625,0.76015625,0.6974609375,0.66611328125,0.72880859375,worker_4,Spark,SPARK,General,2,07_AMZN_SPARK_Read_Filter
spark-worker-5,95.12,77.72517738802532,40.16,150.08,95.12,67.64,122.6,0.6828125,0.0962604348607467,0.61474609375,0.75087890625,0.6828125,0.648779296875,0.716845703125,worker_5,Spark,SPARK,General,2,07_AMZN_SPARK_Read_Filter
spark-master,75.52250000000001,72.71821155437384,10.38,162.74,64.485,18.3975,121.61,0.51181640625,0.1915903796536933,0.23095703125,0.64248046875,0.5869140625,0.46943359375,0.629296875,master,Spark,SPARK,General,3,07_AMZN_SPARK_Read_Filter
spark-worker-1,98.7325,113.8254922750904,0.07,199.58,97.64,0.22,196.1525,0.514208984375,0.1909494026499039,0.273828125,0.715234375,0.53388671875,0.41474609375,0.633349609375,worker_1,Spark,SPARK,General,3,07_AMZN_SPARK_Read_Filter
spark-worker-2,81.4275,93.83651150627172,0.17,165.9,79.82,0.2075,161.04,0.4904296875,0.1622453503836397,0.28095703125,0.64609375,0.517333984375,0.406787109375,0.6009765625,worker_2,Spark,SPARK,General,3,07_AMZN_SPARK_Read_Filter
spark-worker-3,88.89500000000001,103.15108029810771,0.07,192.26,81.625,0.2125,170.3075,0.4645751953125,0.1689167729198471,0.2455078125,0.60361328125,0.50458984375,0.37470703125,0.5944580078125,worker_3,Spark,SPARK,General,3,07_AMZN_SPARK_Read_Filter
spark-worker-4,84.0575,96.89151472136248,0.08,171.5,82.325,0.2375,166.145,0.4903076171875,0.1572626562923233,0.2798828125,0.612890625,0.534228515625,0.41494140625,0.6095947265625,worker_4,Spark,SPARK,General,3,07_AMZN_SPARK_Read_Filter
spark-worker-5,92.4875,106.5071435397645,0.22,186.13,91.8,0.2724999999999999,184.015,0.47841796875,0.1667081717627264,0.2802734375,0.6615234375,0.4859375,0.3802490234375,0.5841064453125,worker_5,Spark,SPARK,General,3,07_AMZN_SPARK_Read_Filter
spark-master,75.52250000000001,72.71821155437384,10.38,162.74,64.485,18.3975,121.61,0.51181640625,0.1915903796536933,0.23095703125,0.64248046875,0.5869140625,0.46943359375,0.629296875,master,Spark,SPARK,General,3,07_AMZN_SPARK_Read_Filter
spark-worker-1,98.7325,113.8254922750904,0.07,199.58,97.64,0.22,196.1525,0.514208984375,0.1909494026499039,0.273828125,0.715234375,0.53388671875,0.41474609375,0.633349609375,worker_1,Spark,SPARK,General,3,07_AMZN_SPARK_Read_Filter
spark-worker-2,81.4275,93.83651150627172,0.17,165.9,79.82,0.2075,161.04,0.4904296875,0.1622453503836397,0.28095703125,0.64609375,0.517333984375,0.406787109375,0.6009765625,worker_2,Spark,SPARK,General,3,07_AMZN_SPARK_Read_Filter
spark-worker-3,88.89500000000001,103.15108029810771,0.07,192.26,81.625,0.2125,170.3075,0.4645751953125,0.1689167729198471,0.2455078125,0.60361328125,0.50458984375,0.37470703125,0.5944580078125,worker_3,Spark,SPARK,General,3,07_AMZN_SPARK_Read_Filter
spark-worker-4,84.0575,96.89151472136248,0.08,171.5,82.325,0.2375,166.145,0.4903076171875,0.1572626562923233,0.2798828125,0.612890625,0.534228515625,0.41494140625,0.6095947265625,worker_4,Spark,SPARK,General,3,07_AMZN_SPARK_Read_Filter
spark-worker-5,92.4875,106.5071435397645,0.22,186.13,91.8,0.2724999999999999,184.015,0.47841796875,0.1667081717627264,0.2802734375,0.6615234375,0.4859375,0.3802490234375,0.5841064453125,worker_5,Spark,SPARK,General,3,07_AMZN_SPARK_Read_Filter
spark-master,75.485,104.14975780096658,1.84,149.13,75.485,38.6625,112.3075,0.432568359375,0.2838785134236227,0.2318359375,0.63330078125,0.432568359375,0.3322021484375,0.5329345703125,master,Spark,SPARK,General,4,07_AMZN_SPARK_Read_Filter
spark-worker-1,0.105,0.0353553390593273,0.08,0.13,0.105,0.0925,0.1175,0.43505859375,0.2246997525372095,0.276171875,0.5939453125,0.43505859375,0.355615234375,0.514501953125,worker_1,Spark,SPARK,General,4,07_AMZN_SPARK_Read_Filter
spark-worker-2,31.235,43.96082858636766,0.15,62.32,31.235,15.6925,46.7775,0.4439453125,0.2298097038856279,0.2814453125,0.6064453125,0.4439453125,0.3626953125,0.5251953125,worker_2,Spark,SPARK,General,4,07_AMZN_SPARK_Read_Filter
spark-worker-3,0.095,0.0494974746830583,0.06,0.13,0.095,0.0775,0.1125,0.3936523437499999,0.2088174713191522,0.24599609375,0.54130859375,0.3936523437499999,0.31982421875,0.4674804687499999,worker_3,Spark,SPARK,General,4,07_AMZN_SPARK_Read_Filter
spark-worker-4,0.125,0.0353553390593273,0.1,0.15,0.125,0.1125,0.1375,0.477392578125,0.2786304552820038,0.28037109375,0.6744140625,0.477392578125,0.3788818359375,0.5759033203125,worker_4,Spark,SPARK,General,4,07_AMZN_SPARK_Read_Filter
spark-worker-5,0.105,0.0494974746830583,0.07,0.14,0.105,0.0875,0.1225,0.449853515625,0.237336524115055,0.28203125,0.61767578125,0.449853515625,0.3659423828125,0.5337646484375,worker_5,Spark,SPARK,General,4,07_AMZN_SPARK_Read_Filter
spark-master,75.485,104.14975780096658,1.84,149.13,75.485,38.6625,112.3075,0.432568359375,0.2838785134236227,0.2318359375,0.63330078125,0.432568359375,0.3322021484375,0.5329345703125,master,Spark,SPARK,General,4,07_AMZN_SPARK_Read_Filter
spark-worker-1,0.105,0.0353553390593273,0.08,0.13,0.105,0.0925,0.1175,0.43505859375,0.2246997525372095,0.276171875,0.5939453125,0.43505859375,0.355615234375,0.514501953125,worker_1,Spark,SPARK,General,4,07_AMZN_SPARK_Read_Filter
spark-worker-2,31.235,43.96082858636766,0.15,62.32,31.235,15.6925,46.7775,0.4439453125,0.2298097038856279,0.2814453125,0.6064453125,0.4439453125,0.3626953125,0.5251953125,worker_2,Spark,SPARK,General,4,07_AMZN_SPARK_Read_Filter
spark-worker-3,0.095,0.0494974746830583,0.06,0.13,0.095,0.0775,0.1125,0.3936523437499999,0.2088174713191522,0.24599609375,0.54130859375,0.3936523437499999,0.31982421875,0.4674804687499999,worker_3,Spark,SPARK,General,4,07_AMZN_SPARK_Read_Filter
spark-worker-4,0.125,0.0353553390593273,0.1,0.15,0.125,0.1125,0.1375,0.477392578125,0.2786304552820038,0.28037109375,0.6744140625,0.477392578125,0.3788818359375,0.5759033203125,worker_4,Spark,SPARK,General,4,07_AMZN_SPARK_Read_Filter
spark-worker-5,0.105,0.0494974746830583,0.07,0.14,0.105,0.0875,0.1225,0.449853515625,0.237336524115055,0.28203125,0.61767578125,0.449853515625,0.3659423828125,0.5337646484375,worker_5,Spark,SPARK,General,4,07_AMZN_SPARK_Read_Filter
spark-master,51.645,19.89091375477758,37.58,65.71,51.645,44.6125,58.6775,0.4166015625,0.2639220818061508,0.22998046875,0.60322265625,0.4166015625,0.323291015625,0.5099121093750001,master,Spark,SPARK,General,5,07_AMZN_SPARK_Read_Filter
spark-worker-1,16.24,14.990663761154808,5.64,26.84,16.24,10.94,21.54,0.3997070312499999,0.1933495104806965,0.26298828125,0.53642578125,0.3997070312499999,0.33134765625,0.4680664062499999,worker_1,Spark,SPARK,General,5,07_AMZN_SPARK_Read_Filter
spark-worker-2,14.04,11.115718600252526,6.18,21.9,14.04,10.11,17.97,0.402783203125,0.1798840981436481,0.2755859375,0.52998046875,0.402783203125,0.3391845703125,0.4663818359375,worker_2,Spark,SPARK,General,5,07_AMZN_SPARK_Read_Filter
spark-worker-3,14.52,12.713779925734126,5.53,23.51,14.52,10.025,19.015,0.3724121093749999,0.1863751174240714,0.240625,0.50419921875,0.3724121093749999,0.3065185546875,0.4383056640624999,worker_3,Spark,SPARK,General,5,07_AMZN_SPARK_Read_Filter
spark-worker-4,12.925,12.692566722298526,3.95,21.9,12.925,8.4375,17.412499999999998,0.44833984375,0.2452776647240837,0.27490234375,0.62177734375,0.44833984375,0.36162109375,0.5350585937500001,worker_4,Spark,SPARK,General,5,07_AMZN_SPARK_Read_Filter
spark-worker-5,14.835,14.870455608353096,4.32,25.35,14.835,9.5775,20.0925,0.4468261718749999,0.2434132230158769,0.27470703125,0.6189453125,0.4468261718749999,0.3607666015625,0.5328857421875,worker_5,Spark,SPARK,General,5,07_AMZN_SPARK_Read_Filter
spark-master,51.645,19.89091375477758,37.58,65.71,51.645,44.6125,58.6775,0.4166015625,0.2639220818061508,0.22998046875,0.60322265625,0.4166015625,0.323291015625,0.5099121093750001,master,Spark,SPARK,General,5,07_AMZN_SPARK_Read_Filter
spark-worker-1,16.24,14.990663761154808,5.64,26.84,16.24,10.94,21.54,0.3997070312499999,0.1933495104806965,0.26298828125,0.53642578125,0.3997070312499999,0.33134765625,0.4680664062499999,worker_1,Spark,SPARK,General,5,07_AMZN_SPARK_Read_Filter
spark-worker-2,14.04,11.115718600252526,6.18,21.9,14.04,10.11,17.97,0.402783203125,0.1798840981436481,0.2755859375,0.52998046875,0.402783203125,0.3391845703125,0.4663818359375,worker_2,Spark,SPARK,General,5,07_AMZN_SPARK_Read_Filter
spark-worker-3,14.52,12.713779925734126,5.53,23.51,14.52,10.025,19.015,0.3724121093749999,0.1863751174240714,0.240625,0.50419921875,0.3724121093749999,0.3065185546875,0.4383056640624999,worker_3,Spark,SPARK,General,5,07_AMZN_SPARK_Read_Filter
spark-worker-4,12.925,12.692566722298526,3.95,21.9,12.925,8.4375,17.412499999999998,0.44833984375,0.2452776647240837,0.27490234375,0.62177734375,0.44833984375,0.36162109375,0.5350585937500001,worker_4,Spark,SPARK,General,5,07_AMZN_SPARK_Read_Filter
spark-worker-5,14.835,14.870455608353096,4.32,25.35,14.835,9.5775,20.0925,0.4468261718749999,0.2434132230158769,0.27470703125,0.6189453125,0.4468261718749999,0.3607666015625,0.5328857421875,worker_5,Spark,SPARK,General,5,07_AMZN_SPARK_Read_Filter
spark-master,25.44,42.57820275680974,4.42,101.53,8.26,4.61,8.38,0.7698046875,0.0374179833286,0.70712890625,0.8013671875,0.77958984375,0.7671875,0.79375,master,Spark,SPARK,General,1,07_AMZN_SPARK_Read_Filter_Write
spark-worker-1,58.564,68.42397445340339,0.16,172.64,52.78,10.98,56.26,1.0539640625,0.2967045737870249,0.66767578125,1.271,1.263,0.79814453125,1.27,worker_1,Spark,SPARK,General,1,07_AMZN_SPARK_Read_Filter_Write
spark-worker-2,109.962,73.14463220223341,0.14,182.42,103.09,92.94,171.22,1.0786328125,0.3106296212480059,0.6943359375,1.348,1.207,0.798828125,1.345,worker_2,Spark,SPARK,General,1,07_AMZN_SPARK_Read_Filter_Write
spark-worker-3,106.634,81.57371899086127,0.13,204.48,89.64,69.05,169.87,1.0443703125,0.331111122291559,0.6166015625,1.344,1.14,0.78125,1.34,worker_3,Spark,SPARK,General,1,07_AMZN_SPARK_Read_Filter_Write
spark-worker-4,103.634,63.37040618459061,33.77,175.44,112.68,43.9,152.38,0.95772578125,0.2556808104295264,0.64541015625,1.188,1.058,0.72421875,1.173,worker_4,Spark,SPARK,General,1,07_AMZN_SPARK_Read_Filter_Write
spark-worker-5,104.822,72.22180744068928,0.13,184.99,114.19,71.94,152.86,1.02362734375,0.3178710118279463,0.592578125,1.263,1.242,0.77255859375,1.248,worker_5,Spark,SPARK,General,1,07_AMZN_SPARK_Read_Filter_Write
spark-master,58.75,74.92507223887075,2.38,189.41,32.01,21.56,48.39,0.67966796875,0.1935928371798937,0.34296875,0.80498046875,0.76552734375,0.68955078125,0.7953125,master,Spark,SPARK,General,2,07_AMZN_SPARK_Read_Filter_Write
spark-worker-1,89.24199999999999,89.82195817282097,0.09,189.73,86.68,0.65,169.06,0.85661953125,0.3956727813899527,0.32333984375,1.25,0.8318359375,0.644921875,1.233,worker_1,Spark,SPARK,General,2,07_AMZN_SPARK_Read_Filter_Write
spark-worker-2,71.51,97.57894163189106,0.06,185.95,0.55,0.47,170.52,0.82542734375,0.4389316140578826,0.31044921875,1.401,0.70625,0.5734375,1.136,worker_2,Spark,SPARK,General,2,07_AMZN_SPARK_Read_Filter_Write
spark-worker-3,71.7,86.44884614614587,0.06,192.22,32.48,1.1,132.64,0.8645093750000001,0.4479330928653284,0.29228515625,1.463,0.787890625,0.65537109375,1.124,worker_3,Spark,SPARK,General,2,07_AMZN_SPARK_Read_Filter_Write
spark-worker-4,63.488,77.19696703886754,0.64,178.58,20.84,9.82,107.56,0.7705390624999999,0.3712571565702491,0.29794921875,1.149,0.70068359375,0.5640625,1.141,worker_4,Spark,SPARK,General,2,07_AMZN_SPARK_Read_Filter_Write
spark-worker-5,36.994,53.88906642353344,0.08,120.39,0.78,0.76,62.96,0.83991796875,0.4554705750626761,0.29140625,1.44,0.69091796875,0.622265625,1.155,worker_5,Spark,SPARK,General,2,07_AMZN_SPARK_Read_Filter_Write
spark-master,34.302,53.404670395013206,1.94,127.42,6.72,3.95,31.48,0.7813085937500001,0.0314292041913032,0.7296875,0.8056640625,0.79755859375,0.7732421875,0.800390625,master,Spark,SPARK,General,3,07_AMZN_SPARK_Read_Filter_Write
spark-worker-1,123.254,74.89903690969598,0.16,189.86,134.13,116.97,175.15,1.0317875,0.3170213778847567,0.65693359375,1.312,1.152,0.72900390625,1.309,worker_1,Spark,SPARK,General,3,07_AMZN_SPARK_Read_Filter_Write
spark-worker-2,112.522,75.42312622796804,0.14,197.32,107.77,94.13,163.25,0.9048203125,0.2575984116576373,0.56728515625,1.156,0.9373046875,0.72451171875,1.139,worker_2,Spark,SPARK,General,3,07_AMZN_SPARK_Read_Filter_Write
spark-worker-3,128.844,80.2291473219054,0.15,196.61,144.57,110.68,192.21,1.02708125,0.3257021258009866,0.67646484375,1.363,1.004,0.73994140625,1.352,worker_3,Spark,SPARK,General,3,07_AMZN_SPARK_Read_Filter_Write
spark-worker-4,100.34,70.16837464271208,0.15,172.31,104.6,66.65,157.99,1.02518046875,0.345600497394663,0.60546875,1.362,1.06,0.74443359375,1.354,worker_4,Spark,SPARK,General,3,07_AMZN_SPARK_Read_Filter_Write
spark-worker-5,135.772,82.90065180684648,0.16,202.18,159.13,119.37,198.02,1.0000734375,0.3404256154554224,0.60234375,1.351,0.9384765625,0.760546875,1.348,worker_5,Spark,SPARK,General,3,07_AMZN_SPARK_Read_Filter_Write
spark-master,46.864,65.50215744538495,4.35,156.51,8.78,5.32,59.36,0.7853515625,0.0504719396002542,0.70693359375,0.828515625,0.79990234375,0.76611328125,0.82529296875,master,Spark,SPARK,General,4,07_AMZN_SPARK_Read_Filter_Write
spark-worker-1,150.132,68.64054756483226,34.65,193.47,191.7,138.62,192.22,1.03687421875,0.3470288357628975,0.6705078125,1.406,0.9404296875,0.76943359375,1.398,worker_1,Spark,SPARK,General,4,07_AMZN_SPARK_Read_Filter_Write
spark-worker-2,114.804,81.68188158949327,0.17,194.55,94.9,90.77,193.63,1.0299515625,0.3605340763404158,0.6166015625,1.421,1.068,0.71015625,1.334,worker_2,Spark,SPARK,General,4,07_AMZN_SPARK_Read_Filter_Write
spark-worker-3,148.998,83.85438134051195,0.17,196.02,187.42,168.85,192.53,0.9457585937500002,0.2836877622722078,0.61640625,1.235,0.91904296875,0.72734375,1.231,worker_3,Spark,SPARK,General,4,07_AMZN_SPARK_Read_Filter_Write
spark-worker-4,136.60399999999998,86.18469255035954,0.17,194.58,193.41,101.2,193.66,1.09152109375,0.4218335649646217,0.6251953125,1.533,0.9921875,0.77822265625,1.529,worker_4,Spark,SPARK,General,4,07_AMZN_SPARK_Read_Filter_Write
spark-worker-5,96.218,75.68192432807189,0.13,199.06,102.05,51.27,128.58,0.8570203124999999,0.2096869329344221,0.61689453125,1.068,0.85703125,0.68017578125,1.063,worker_5,Spark,SPARK,General,4,07_AMZN_SPARK_Read_Filter_Write
spark-master,47.112,59.19048377906706,0.68,113.63,10.13,1.14,109.98,0.78291015625,0.0454165087122605,0.7087890625,0.82001953125,0.78974609375,0.77705078125,0.8189453125,master,Spark,SPARK,General,5,07_AMZN_SPARK_Read_Filter_Write
spark-worker-1,113.266,47.069932865896455,71.44,190.17,110.36,78.84,115.52,1.02012265625,0.3372472448735567,0.6224609375,1.359,1.008,0.75615234375,1.355,worker_1,Spark,SPARK,General,5,07_AMZN_SPARK_Read_Filter_Write
spark-worker-2,112.922,72.23010985731644,15.37,194.61,115.81,71.52,167.3,1.029415625,0.3239466662556122,0.64609375,1.345,1.052,0.758984375,1.345,worker_2,Spark,SPARK,General,5,07_AMZN_SPARK_Read_Filter_Write
spark-worker-3,136.482,75.30104395026673,23.77,196.66,177.7,94.22,190.06,0.963215625,0.3054879122825996,0.63359375,1.27,0.9640625,0.682421875,1.266,worker_3,Spark,SPARK,General,5,07_AMZN_SPARK_Read_Filter_Write
spark-worker-4,142.726,76.11772382303612,49.01,203.29,190.87,70.83,199.63,0.91791875,0.2689513312121563,0.6056640625,1.25,0.9248046875,0.703125,1.106,worker_4,Spark,SPARK,General,5,07_AMZN_SPARK_Read_Filter_Write
spark-worker-5,138.62,76.43013639919792,38.14,199.14,186.84,74.29,194.69,0.9210734375,0.2289716196156556,0.63017578125,1.144,0.9455078125,0.75068359375,1.135,worker_5,Spark,SPARK,General,5,07_AMZN_SPARK_Read_Filter_Write
